"","Tipo","Nucleos","Time"
"datos","Ordenado","0","0.577"
"","Reverso","0","0.559"
"","Aleatorio","0","0.592"
"","Pares","0","0.0310000000000001"
"","Impares","0","1.164"
"","MaxPrimo","0","2.74"
"","MedioIntercalado","0","1.391"
"","MedioAscendente","0","1.363"
"","MedioDescendete","0","1.419"
"","MedioIntercalado2","0","1.455"
"","Ordenado","0","0.632000000000001"
"","Reverso","0","0.587"
"","Aleatorio","0","0.609"
"","Pares","0","0.0329999999999995"
"","Impares","0","1.198"
"","MaxPrimo","0","2.811"
"","MedioIntercalado","0","1.432"
"","MedioAscendente","0","1.464"
"","MedioDescendete","0","1.431"
"","MedioIntercalado2","0","1.403"
"","Ordenado","0","0.561"
"","Reverso","0","0.611999999999998"
"","Aleatorio","0","0.609999999999999"
"","Pares","0","0.0330000000000013"
"","Impares","0","1.196"
"","MaxPrimo","0","2.749"
"","MedioIntercalado","0","1.421"
"","MedioAscendente","0","1.433"
"","MedioDescendete","0","1.382"
"","MedioIntercalado2","0","1.378"
"","Ordenado","0","0.581000000000003"
"","Reverso","0","0.584000000000003"
"","Aleatorio","0","0.582999999999998"
"","Pares","0","0.0329999999999941"
"","Impares","0","1.203"
"","MaxPrimo","0","2.765"
"","MedioIntercalado","0","1.399"
"","MedioAscendente","0","1.408"
"","MedioDescendete","0","1.379"
"","MedioIntercalado2","0","1.372"
"","Ordenado","0","0.582999999999998"
"","Reverso","0","0.609999999999999"
"","Aleatorio","0","0.582999999999998"
"","Pares","0","0.0320000000000036"
"","Impares","0","1.155"
"","MaxPrimo","0","2.752"
"","MedioIntercalado","0","1.38"
"","MedioAscendente","0","1.41699999999999"
"","MedioDescendete","0","1.40300000000001"
"","MedioIntercalado2","0","1.417"
"","Ordenado","0","0.582000000000001"
"","Reverso","0","0.585000000000001"
"","Aleatorio","0","0.582000000000001"
"","Pares","0","0.0320000000000036"
"","Impares","0","1.146"
"","MaxPrimo","0","2.74"
"","MedioIntercalado","0","1.407"
"","MedioAscendente","0","1.45"
"","MedioDescendete","0","1.376"
"","MedioIntercalado2","0","1.39700000000001"
"","Ordenado","0","0.575999999999993"
"","Reverso","0","0.581000000000003"
"","Aleatorio","0","0.581000000000003"
"","Pares","0","0.0320000000000107"
"","Impares","0","1.211"
"","MaxPrimo","0","2.779"
"","MedioIntercalado","0","1.39800000000001"
"","MedioAscendente","0","1.40700000000001"
"","MedioDescendete","0","1.40000000000001"
"","MedioIntercalado2","0","1.381"
"","Ordenado","0","0.579999999999998"
"","Reverso","0","0.575999999999993"
"","Aleatorio","0","0.609000000000009"
"","Pares","0","0.0319999999999965"
"","Impares","0","1.18299999999999"
"","MaxPrimo","0","2.751"
"","MedioIntercalado","0","1.39399999999999"
"","MedioAscendente","0","1.387"
"","MedioDescendete","0","1.42"
"","MedioIntercalado2","0","1.39700000000001"
"","Ordenado","0","0.603999999999999"
"","Reverso","0","0.569000000000003"
"","Aleatorio","0","0.567000000000007"
"","Pares","0","0.0310000000000059"
"","Impares","0","1.179"
"","MaxPrimo","0","2.749"
"","MedioIntercalado","0","1.384"
"","MedioAscendente","0","1.37899999999999"
"","MedioDescendete","0","1.42099999999999"
"","MedioIntercalado2","0","1.40000000000001"
"","Ordenado","0","0.566999999999993"
"","Reverso","0","0.561999999999998"
"","Aleatorio","0","0.572000000000003"
"","Pares","0","0.0320000000000107"
"","Impares","0","1.22800000000001"
"","MaxPrimo","0","2.732"
"","MedioIntercalado","0","1.425"
"","MedioAscendente","0","1.402"
"","MedioDescendete","0","1.384"
"","MedioIntercalado2","0","1.38"
"","Ordenado","0","0.560999999999993"
"","Reverso","0","0.550000000000011"
"","Aleatorio","0","0.585999999999999"
"","Pares","0","0.0319999999999965"
"","Impares","0","1.215"
"","MaxPrimo","0","2.774"
"","MedioIntercalado","0","1.402"
"","MedioAscendente","0","1.402"
"","MedioDescendete","0","1.376"
"","MedioIntercalado2","0","1.393"
"","Ordenado","0","0.583000000000027"
"","Reverso","0","0.605000000000018"
"","Aleatorio","0","0.604000000000013"
"","Pares","0","0.0349999999999966"
"","Impares","0","1.17500000000001"
"","MaxPrimo","0","2.749"
"","MedioIntercalado","0","1.38699999999997"
"","MedioAscendente","0","1.40799999999999"
"","MedioDescendete","0","1.39600000000002"
"","MedioIntercalado2","0","1.392"
"","Ordenado","0","0.585000000000008"
"","Reverso","0","0.581000000000017"
"","Aleatorio","0","0.581000000000017"
"","Pares","0","0.0330000000000155"
"","Impares","0","1.15700000000001"
"","MaxPrimo","0","2.73699999999999"
"","MedioIntercalado","0","1.369"
"","MedioAscendente","0","1.43900000000002"
"","MedioDescendete","0","1.387"
"","MedioIntercalado2","0","1.381"
"","Ordenado","0","0.579999999999984"
"","Reverso","0","0.582999999999998"
"","Aleatorio","0","0.584000000000003"
"","Pares","0","0.0320000000000107"
"","Impares","0","1.17600000000002"
"","MaxPrimo","0","2.773"
"","MedioIntercalado","0","1.40400000000002"
"","MedioAscendente","0","1.41299999999998"
"","MedioDescendete","0","1.376"
"","MedioIntercalado2","0","1.37599999999998"
"","Ordenado","0","0.582999999999998"
"","Reverso","0","0.641999999999996"
"","Aleatorio","0","0.588999999999999"
"","Pares","0","0.0310000000000059"
"","Impares","0","1.19299999999998"
"","MaxPrimo","0","2.756"
"","MedioIntercalado","0","1.386"
"","MedioAscendente","0","1.387"
"","MedioDescendete","0","1.404"
"","MedioIntercalado2","0","1.38400000000001"
"","Ordenado","0","0.613"
"","Reverso","0","0.582999999999998"
"","Aleatorio","0","0.578000000000003"
"","Pares","0","0.0360000000000014"
"","Impares","0","1.203"
"","MaxPrimo","0","2.749"
"","MedioIntercalado","0","1.381"
"","MedioAscendente","0","1.43899999999999"
"","MedioDescendete","0","1.38300000000001"
"","MedioIntercalado2","0","1.39500000000001"
"","Ordenado","0","0.586999999999989"
"","Reverso","0","0.574000000000012"
"","Aleatorio","0","0.574000000000012"
"","Pares","0","0.0319999999999823"
"","Impares","0","1.20699999999999"
"","MaxPrimo","0","2.739"
"","MedioIntercalado","0","1.41999999999999"
"","MedioAscendente","0","1.40199999999999"
"","MedioDescendete","0","1.392"
"","MedioIntercalado2","0","1.40600000000001"
"","Ordenado","0","0.572999999999979"
"","Reverso","0","0.566000000000003"
"","Aleatorio","0","0.596000000000004"
"","Pares","0","0.0320000000000107"
"","Impares","0","1.17899999999997"
"","MaxPrimo","0","2.76400000000001"
"","MedioIntercalado","0","1.387"
"","MedioAscendente","0","1.375"
"","MedioDescendete","0","1.41000000000003"
"","MedioIntercalado2","0","1.38499999999999"
"","Ordenado","0","0.594999999999999"
"","Reverso","0","0.558999999999997"
"","Aleatorio","0","0.556000000000012"
"","Pares","0","0.0330000000000155"
"","Impares","0","1.19399999999999"
"","MaxPrimo","0","2.75300000000001"
"","MedioIntercalado","0","1.40199999999999"
"","MedioAscendente","0","1.40899999999999"
"","MedioDescendete","0","1.398"
"","MedioIntercalado2","0","1.40000000000001"
"","Ordenado","0","0.567999999999984"
"","Reverso","0","0.581999999999994"
"","Aleatorio","0","0.584000000000003"
"","Pares","0","0.0330000000000155"
"","Impares","0","1.17599999999999"
"","MaxPrimo","0","2.733"
"","MedioIntercalado","0","1.42800000000003"
"","MedioAscendente","0","1.43699999999998"
"","MedioDescendete","0","1.38200000000001"
"","MedioIntercalado2","0","1.40100000000001"
"","Ordenado","0","0.578999999999979"
"","Reverso","0","0.580999999999989"
"","Aleatorio","0","0.581999999999994"
"","Pares","0","0.0330000000000155"
"","Impares","0","1.214"
"","MaxPrimo","0","2.76400000000001"
"","MedioIntercalado","0","1.39400000000001"
"","MedioAscendente","0","1.40000000000001"
"","MedioDescendete","0","1.374"
"","MedioIntercalado2","0","1.36799999999999"
"","Ordenado","0","0.568999999999988"
"","Reverso","0","0.59899999999999"
"","Aleatorio","0","0.60899999999998"
"","Pares","0","0.032999999999987"
"","Impares","0","1.14099999999999"
"","MaxPrimo","0","2.732"
"","MedioIntercalado","0","1.36699999999999"
"","MedioAscendente","0","1.41300000000001"
"","MedioDescendete","0","1.387"
"","MedioIntercalado2","0","1.40299999999996"
"","Ordenado","0","0.588000000000022"
"","Reverso","0","0.574999999999989"
"","Aleatorio","0","0.575000000000045"
"","Pares","0","0.0330000000000155"
"","Impares","0","1.14600000000002"
"","MaxPrimo","0","2.74299999999999"
"","MedioIntercalado","0","1.36599999999999"
"","MedioAscendente","0","1.40800000000002"
"","MedioDescendete","0","1.36599999999999"
"","MedioIntercalado2","0","1.39500000000004"
"","Ordenado","0","0.571000000000026"
"","Reverso","0","0.574999999999989"
"","Aleatorio","0","0.574000000000012"
"","Pares","0","0.0299999999999727"
"","Impares","0","1.19099999999997"
"","MaxPrimo","0","2.72699999999998"
"","MedioIntercalado","0","1.41000000000003"
"","MedioAscendente","0","1.39699999999999"
"","MedioDescendete","0","1.36399999999998"
"","MedioIntercalado2","0","1.36599999999999"
"","Ordenado","0","0.569999999999993"
"","Reverso","0","0.574999999999989"
"","Aleatorio","0","0.62299999999999"
"","Pares","0","0.0310000000000059"
"","Impares","0","1.16899999999998"
"","MaxPrimo","0","2.73000000000002"
"","MedioIntercalado","0","1.36799999999999"
"","MedioAscendente","0","1.36700000000002"
"","MedioDescendete","0","1.39100000000002"
"","MedioIntercalado2","0","1.36799999999999"
"","Ordenado","0","0.598000000000013"
"","Reverso","0","0.569000000000017"
"","Aleatorio","0","0.555999999999983"
"","Pares","0","0.0299999999999727"
"","Impares","0","1.161"
"","MaxPrimo","0","2.73200000000003"
"","MedioIntercalado","0","1.37299999999999"
"","MedioAscendente","0","1.35999999999996"
"","MedioDescendete","0","1.38800000000003"
"","MedioIntercalado2","0","1.39299999999997"
"","Ordenado","0","0.560999999999979"
"","Reverso","0","0.552999999999997"
"","Aleatorio","0","0.552999999999997"
"","Pares","0","0.0310000000000059"
"","Impares","0","1.161"
"","MaxPrimo","0","2.774"
"","MedioIntercalado","0","1.404"
"","MedioAscendente","0","1.404"
"","MedioDescendete","0","1.36500000000001"
"","MedioIntercalado2","0","1.36799999999999"
"","Ordenado","0","0.553999999999974"
"","Reverso","0","0.569999999999993"
"","Aleatorio","0","0.579999999999984"
"","Pares","0","0.0330000000000155"
"","Impares","0","1.19799999999998"
"","MaxPrimo","0","2.77100000000002"
"","MedioIntercalado","0","1.40900000000005"
"","MedioAscendente","0","1.40800000000002"
"","MedioDescendete","0","1.38100000000003"
"","MedioIntercalado2","0","1.38600000000002"
"","Ordenado","0","0.59699999999998"
"","Reverso","0","0.593000000000018"
"","Aleatorio","0","0.58499999999998"
"","Pares","0","0.0330000000000155"
"","Impares","0","1.18900000000002"
"","MaxPrimo","0","2.75900000000001"
"","MedioIntercalado","0","1.38900000000001"
"","MedioAscendente","0","1.423"
"","MedioDescendete","0","1.404"
"","MedioIntercalado2","0","1.40199999999999"
"","Ordenado","0","0.581000000000017"
"","Reverso","0","0.585000000000036"
"","Aleatorio","0","0.588000000000022"
"","Pares","0","0.0340000000000487"
"","Impares","0","1.166"
"","MaxPrimo","0","2.74200000000002"
"","MedioIntercalado","0","1.38499999999999"
"","MedioAscendente","0","1.45100000000002"
"","MedioDescendete","0","1.39400000000001"
"","MedioIntercalado2","0","1.42200000000003"
"","Ordenado","1","0.620999999999981"
"","Reverso","1","0.631000000000029"
"","Aleatorio","1","0.621999999999957"
"","Pares","1","0.121000000000038"
"","Impares","1","1.238"
"","MaxPrimo","1","2.86900000000003"
"","MedioIntercalado","1","1.46199999999999"
"","MedioAscendente","1","1.488"
"","MedioDescendete","1","1.48899999999998"
"","MedioIntercalado2","1","1.50700000000001"
"","Ordenado","1","0.609999999999957"
"","Reverso","1","0.632999999999981"
"","Aleatorio","1","0.692000000000007"
"","Pares","1","0.0480000000000018"
"","Impares","1","1.32499999999999"
"","MaxPrimo","1","2.81900000000002"
"","MedioIntercalado","1","1.46299999999997"
"","MedioAscendente","1","1.47299999999996"
"","MedioDescendete","1","1.48599999999999"
"","MedioIntercalado2","1","1.48399999999998"
"","Ordenado","1","0.610000000000014"
"","Reverso","1","0.62299999999999"
"","Aleatorio","1","0.613"
"","Pares","1","0.0889999999999986"
"","Impares","1","1.30700000000002"
"","MaxPrimo","1","2.87599999999998"
"","MedioIntercalado","1","1.46100000000001"
"","MedioAscendente","1","1.49200000000002"
"","MedioDescendete","1","1.46999999999997"
"","MedioIntercalado2","1","1.44399999999996"
"","Ordenado","1","0.605999999999995"
"","Reverso","1","0.648000000000025"
"","Aleatorio","1","0.606999999999971"
"","Pares","1","0.112000000000023"
"","Impares","1","1.23500000000001"
"","MaxPrimo","1","2.84800000000001"
"","MedioIntercalado","1","1.42500000000001"
"","MedioAscendente","1","1.49700000000001"
"","MedioDescendete","1","1.48000000000002"
"","MedioIntercalado2","1","1.48499999999996"
"","Ordenado","1","0.648000000000025"
"","Reverso","1","0.617000000000019"
"","Aleatorio","1","0.64100000000002"
"","Pares","1","0.0509999999999877"
"","Impares","1","1.28299999999996"
"","MaxPrimo","1","2.85699999999997"
"","MedioIntercalado","1","1.45299999999997"
"","MedioAscendente","1","1.44600000000003"
"","MedioDescendete","1","1.48899999999998"
"","MedioIntercalado2","1","1.50199999999995"
"","Ordenado","1","0.617999999999995"
"","Reverso","1","0.652000000000044"
"","Aleatorio","1","0.607000000000028"
"","Pares","1","0.113"
"","Impares","1","1.19600000000003"
"","MaxPrimo","1","2.81599999999997"
"","MedioIntercalado","1","1.48599999999999"
"","MedioAscendente","1","1.536"
"","MedioDescendete","1","1.48500000000001"
"","MedioIntercalado2","1","1.46200000000005"
"","Ordenado","1","0.658999999999992"
"","Reverso","1","0.685000000000002"
"","Aleatorio","1","0.661000000000001"
"","Pares","1","0.089999999999975"
"","Impares","1","1.32300000000004"
"","MaxPrimo","1","2.92700000000002"
"","MedioIntercalado","1","1.49900000000002"
"","MedioAscendente","1","1.44099999999997"
"","MedioDescendete","1","1.459"
"","MedioIntercalado2","1","1.50300000000004"
"","Ordenado","1","0.609999999999957"
"","Reverso","1","0.653999999999996"
"","Aleatorio","1","0.624000000000024"
"","Pares","1","0.11099999999999"
"","Impares","1","1.28399999999999"
"","MaxPrimo","1","2.88599999999997"
"","MedioIntercalado","1","1.46899999999999"
"","MedioAscendente","1","1.50400000000002"
"","MedioDescendete","1","1.483"
"","MedioIntercalado2","1","1.52199999999999"
"","Ordenado","1","0.622000000000014"
"","Reverso","1","0.697999999999979"
"","Aleatorio","1","0.603000000000009"
"","Pares","1","0.0900000000000318"
"","Impares","1","1.25399999999996"
"","MaxPrimo","1","2.90999999999997"
"","MedioIntercalado","1","1.46500000000003"
"","MedioAscendente","1","1.46599999999995"
"","MedioDescendete","1","1.505"
"","MedioIntercalado2","1","1.51499999999999"
"","Ordenado","1","0.615000000000009"
"","Reverso","1","0.66500000000002"
"","Aleatorio","1","0.635000000000048"
"","Pares","1","0.113999999999976"
"","Impares","1","1.20599999999996"
"","MaxPrimo","1","2.858"
"","MedioIntercalado","1","1.45699999999999"
"","MedioAscendente","1","1.50999999999999"
"","MedioDescendete","1","1.50700000000001"
"","MedioIntercalado2","1","1.45299999999997"
"","Ordenado","1","0.618999999999971"
"","Reverso","1","0.689000000000021"
"","Aleatorio","1","0.614999999999952"
"","Pares","1","0.0860000000000127"
"","Impares","1","1.267"
"","MaxPrimo","1","2.88300000000004"
"","MedioIntercalado","1","1.536"
"","MedioAscendente","1","1.48700000000002"
"","MedioDescendete","1","1.512"
"","MedioIntercalado2","1","1.48200000000003"
"","Ordenado","1","0.612000000000023"
"","Reverso","1","0.652000000000044"
"","Aleatorio","1","0.632000000000005"
"","Pares","1","0.113999999999976"
"","Impares","1","1.27999999999997"
"","MaxPrimo","1","2.90800000000002"
"","MedioIntercalado","1","1.49800000000005"
"","MedioAscendente","1","1.53400000000005"
"","MedioDescendete","1","1.49599999999998"
"","MedioIntercalado2","1","1.46699999999998"
"","Ordenado","1","0.617000000000019"
"","Reverso","1","0.630999999999972"
"","Aleatorio","1","0.651999999999987"
"","Pares","1","0.0949999999999704"
"","Impares","1","1.233"
"","MaxPrimo","1","2.92499999999995"
"","MedioIntercalado","1","1.56099999999998"
"","MedioAscendente","1","1.53699999999998"
"","MedioDescendete","1","1.50800000000004"
"","MedioIntercalado2","1","1.51199999999994"
"","Ordenado","1","0.621999999999957"
"","Reverso","1","0.658000000000015"
"","Aleatorio","1","0.625999999999976"
"","Pares","1","0.0739999999999554"
"","Impares","1","1.26300000000003"
"","MaxPrimo","1","2.8850000000001"
"","MedioIntercalado","1","1.47199999999998"
"","MedioAscendente","1","1.51099999999997"
"","MedioDescendete","1","1.51900000000001"
"","MedioIntercalado2","1","1.49000000000001"
"","Ordenado","1","0.649999999999977"
"","Reverso","1","0.66700000000003"
"","Aleatorio","1","0.65199999999993"
"","Pares","1","0.0890000000000555"
"","Impares","1","1.29000000000008"
"","MaxPrimo","1","2.93200000000002"
"","MedioIntercalado","1","1.49899999999991"
"","MedioAscendente","1","1.51300000000003"
"","MedioDescendete","1","1.54999999999995"
"","MedioIntercalado2","1","1.48099999999999"
"","Ordenado","1","0.622000000000071"
"","Reverso","1","0.621999999999957"
"","Aleatorio","1","0.629999999999995"
"","Pares","1","0.110000000000014"
"","Impares","1","1.25700000000006"
"","MaxPrimo","1","2.89699999999993"
"","MedioIntercalado","1","1.45799999999997"
"","MedioAscendente","1","1.5200000000001"
"","MedioDescendete","1","1.46899999999994"
"","MedioIntercalado2","1","1.48900000000003"
"","Ordenado","1","0.647999999999911"
"","Reverso","1","0.66599999999994"
"","Aleatorio","1","0.657000000000039"
"","Pares","1","0.0550000000000637"
"","Impares","1","1.26400000000001"
"","MaxPrimo","1","2.88400000000001"
"","MedioIntercalado","1","1.51599999999996"
"","MedioAscendente","1","1.50099999999998"
"","MedioDescendete","1","1.49700000000007"
"","MedioIntercalado2","1","1.48899999999992"
"","Ordenado","1","0.649999999999977"
"","Reverso","1","0.652000000000044"
"","Aleatorio","1","0.611999999999966"
"","Pares","1","0.111000000000104"
"","Impares","1","1.24099999999999"
"","MaxPrimo","1","2.84299999999996"
"","MedioIntercalado","1","1.45699999999999"
"","MedioAscendente","1","1.47199999999998"
"","MedioDescendete","1","1.45800000000008"
"","MedioIntercalado2","1","1.46900000000005"
"","Ordenado","1","0.619000000000028"
"","Reverso","1","0.634000000000015"
"","Aleatorio","1","0.607999999999947"
"","Pares","1","0.0910000000000082"
"","Impares","1","1.32799999999997"
"","MaxPrimo","1","2.928"
"","MedioIntercalado","1","1.46299999999997"
"","MedioAscendente","1","1.45099999999991"
"","MedioDescendete","1","1.46899999999994"
"","MedioIntercalado2","1","1.50300000000004"
"","Ordenado","1","0.618000000000052"
"","Reverso","1","0.625"
"","Aleatorio","1","0.616999999999962"
"","Pares","1","0.0729999999999791"
"","Impares","1","1.24699999999996"
"","MaxPrimo","1","2.90499999999997"
"","MedioIntercalado","1","1.47800000000007"
"","MedioAscendente","1","1.48400000000004"
"","MedioDescendete","1","1.51499999999999"
"","MedioIntercalado2","1","1.45399999999995"
"","Ordenado","1","0.615999999999985"
"","Reverso","1","0.661999999999921"
"","Aleatorio","1","0.604999999999905"
"","Pares","1","0.0879999999999654"
"","Impares","1","1.298"
"","MaxPrimo","1","2.90100000000007"
"","MedioIntercalado","1","1.47899999999993"
"","MedioAscendente","1","1.51200000000006"
"","MedioDescendete","1","1.51099999999997"
"","MedioIntercalado2","1","1.5"
"","Ordenado","1","0.65300000000002"
"","Reverso","1","0.658000000000015"
"","Aleatorio","1","0.623000000000047"
"","Pares","1","0.112999999999943"
"","Impares","1","1.20099999999991"
"","MaxPrimo","1","2.89199999999994"
"","MedioIntercalado","1","1.42199999999991"
"","MedioAscendente","1","1.52299999999991"
"","MedioDescendete","1","1.44099999999992"
"","MedioIntercalado2","1","1.476"
"","Ordenado","1","0.614000000000033"
"","Reverso","1","0.658000000000015"
"","Aleatorio","1","0.63799999999992"
"","Pares","1","0.0879999999999654"
"","Impares","1","1.30399999999997"
"","MaxPrimo","1","2.83299999999997"
"","MedioIntercalado","1","1.52200000000005"
"","MedioAscendente","1","1.51800000000003"
"","MedioDescendete","1","1.50400000000002"
"","MedioIntercalado2","1","1.47399999999993"
"","Ordenado","1","0.650999999999954"
"","Reverso","1","0.66700000000003"
"","Aleatorio","1","0.619000000000028"
"","Pares","1","0.111999999999966"
"","Impares","1","1.20899999999995"
"","MaxPrimo","1","2.82900000000006"
"","MedioIntercalado","1","1.44000000000005"
"","MedioAscendente","1","1.50699999999995"
"","MedioDescendete","1","1.5"
"","MedioIntercalado2","1","1.48400000000004"
"","Ordenado","1","0.611999999999966"
"","Reverso","1","0.66599999999994"
"","Aleatorio","1","0.606999999999971"
"","Pares","1","0.0879999999999654"
"","Impares","1","1.30200000000002"
"","MaxPrimo","1","2.87699999999995"
"","MedioIntercalado","1","1.51599999999996"
"","MedioAscendente","1","1.45600000000002"
"","MedioDescendete","1","1.47400000000005"
"","MedioIntercalado2","1","1.45600000000002"
"","Ordenado","1","0.65300000000002"
"","Reverso","1","0.663999999999987"
"","Aleatorio","1","0.614000000000033"
"","Pares","1","0.111999999999966"
"","Impares","1","1.25600000000009"
"","MaxPrimo","1","2.86800000000005"
"","MedioIntercalado","1","1.47500000000002"
"","MedioAscendente","1","1.53300000000002"
"","MedioDescendete","1","1.50800000000004"
"","MedioIntercalado2","1","1.50200000000007"
"","Ordenado","1","0.619999999999891"
"","Reverso","1","0.663999999999987"
"","Aleatorio","1","0.606999999999971"
"","Pares","1","0.0509999999999309"
"","Impares","1","1.26800000000003"
"","MaxPrimo","1","2.85299999999995"
"","MedioIntercalado","1","1.51099999999997"
"","MedioAscendente","1","1.50099999999998"
"","MedioDescendete","1","1.50799999999992"
"","MedioIntercalado2","1","1.48599999999999"
"","Ordenado","1","0.620999999999981"
"","Reverso","1","0.621999999999957"
"","Aleatorio","1","0.629999999999995"
"","Pares","1","0.115000000000009"
"","Impares","1","1.25800000000004"
"","MaxPrimo","1","2.84500000000003"
"","MedioIntercalado","1","1.48099999999999"
"","MedioAscendente","1","1.47899999999993"
"","MedioDescendete","1","1.51300000000003"
"","MedioIntercalado2","1","1.51099999999997"
"","Ordenado","1","0.607999999999947"
"","Reverso","1","0.630999999999972"
"","Aleatorio","1","0.618000000000052"
"","Pares","1","0.0890000000000555"
"","Impares","1","1.30399999999997"
"","MaxPrimo","1","2.93100000000004"
"","MedioIntercalado","1","1.51400000000001"
"","MedioAscendente","1","1.49800000000005"
"","MedioDescendete","1","1.51400000000001"
"","MedioIntercalado2","1","1.45400000000006"
"","Ordenado","1","0.620999999999981"
"","Reverso","1","0.659000000000106"
"","Aleatorio","1","0.624000000000024"
"","Pares","1","0.0730000000000928"
"","Impares","1","1.21800000000007"
"","MaxPrimo","1","2.90999999999997"
"","MedioIntercalado","1","1.48400000000004"
"","MedioAscendente","1","1.53200000000004"
"","MedioDescendete","1","1.55799999999999"
"","MedioIntercalado2","1","1.51900000000001"
"","Ordenado","2","0.422000000000025"
"","Reverso","2","0.346000000000004"
"","Aleatorio","2","0.368000000000052"
"","Pares","2","0.0439999999999827"
"","Impares","2","0.712999999999965"
"","MaxPrimo","2","1.54199999999992"
"","MedioIntercalado","2","0.831000000000017"
"","MedioAscendente","2","1.447"
"","MedioDescendete","2","1.50099999999998"
"","MedioIntercalado2","2","0.764999999999986"
"","Ordenado","2","0.34699999999998"
"","Reverso","2","0.338000000000079"
"","Aleatorio","2","0.354000000000042"
"","Pares","2","0.0430000000000064"
"","Impares","2","0.724999999999909"
"","MaxPrimo","2","1.53899999999999"
"","MedioIntercalado","2","0.823999999999955"
"","MedioAscendente","2","1.4559999999999"
"","MedioDescendete","2","1.52099999999996"
"","MedioIntercalado2","2","0.783999999999992"
"","Ordenado","2","0.340000000000032"
"","Reverso","2","0.338999999999942"
"","Aleatorio","2","0.393000000000029"
"","Pares","2","0.0430000000000064"
"","Impares","2","0.704999999999927"
"","MaxPrimo","2","1.55000000000007"
"","MedioIntercalado","2","0.815999999999917"
"","MedioAscendente","2","1.40899999999999"
"","MedioDescendete","2","1.48500000000001"
"","MedioIntercalado2","2","0.770999999999958"
"","Ordenado","2","0.336000000000013"
"","Reverso","2","0.341999999999985"
"","Aleatorio","2","0.344000000000051"
"","Pares","2","0.0639999999999645"
"","Impares","2","0.701999999999998"
"","MaxPrimo","2","1.53199999999993"
"","MedioIntercalado","2","0.802999999999997"
"","MedioAscendente","2","1.47900000000004"
"","MedioDescendete","2","1.46199999999999"
"","MedioIntercalado2","2","0.787000000000035"
"","Ordenado","2","0.338999999999942"
"","Reverso","2","0.343999999999937"
"","Aleatorio","2","0.367999999999938"
"","Pares","2","0.04099999999994"
"","Impares","2","0.716000000000008"
"","MaxPrimo","2","1.572"
"","MedioIntercalado","2","0.807999999999993"
"","MedioAscendente","2","1.44299999999998"
"","MedioDescendete","2","1.47500000000002"
"","MedioIntercalado2","2","0.781000000000063"
"","Ordenado","2","0.330999999999904"
"","Reverso","2","0.341999999999985"
"","Aleatorio","2","0.377000000000066"
"","Pares","2","0.0399999999999636"
"","Impares","2","0.717999999999961"
"","MaxPrimo","2","1.59399999999994"
"","MedioIntercalado","2","0.822000000000003"
"","MedioAscendente","2","1.42399999999998"
"","MedioDescendete","2","1.48199999999997"
"","MedioIntercalado2","2","0.788000000000011"
"","Ordenado","2","0.335000000000036"
"","Reverso","2","0.347999999999956"
"","Aleatorio","2","0.380999999999972"
"","Pares","2","0.0439999999999827"
"","Impares","2","0.704999999999927"
"","MaxPrimo","2","1.55500000000006"
"","MedioIntercalado","2","0.797000000000025"
"","MedioAscendente","2","1.42999999999995"
"","MedioDescendete","2","1.43799999999999"
"","MedioIntercalado2","2","0.769999999999982"
"","Ordenado","2","0.333999999999946"
"","Reverso","2","0.341000000000008"
"","Aleatorio","2","0.366999999999962"
"","Pares","2","0.04200000000003"
"","Impares","2","0.702999999999975"
"","MaxPrimo","2","1.55399999999997"
"","MedioIntercalado","2","0.812999999999988"
"","MedioAscendente","2","1.41999999999996"
"","MedioDescendete","2","1.43799999999999"
"","MedioIntercalado2","2","0.786000000000058"
"","Ordenado","2","0.332000000000107"
"","Reverso","2","0.341000000000008"
"","Aleatorio","2","0.370000000000005"
"","Pares","2","0.039000000000101"
"","Impares","2","0.714000000000055"
"","MaxPrimo","2","1.54700000000003"
"","MedioIntercalado","2","0.812000000000012"
"","MedioAscendente","2","1.43200000000002"
"","MedioDescendete","2","1.47499999999991"
"","MedioIntercalado2","2","0.769999999999982"
"","Ordenado","2","0.333999999999946"
"","Reverso","2","0.337999999999965"
"","Aleatorio","2","0.36099999999999"
"","Pares","2","0.0389999999999873"
"","Impares","2","0.668000000000006"
"","MaxPrimo","2","1.53499999999997"
"","MedioIntercalado","2","0.813999999999965"
"","MedioAscendente","2","1.46199999999999"
"","MedioDescendete","2","1.48000000000002"
"","MedioIntercalado2","2","0.788999999999987"
"","Ordenado","2","0.327999999999975"
"","Reverso","2","0.343999999999937"
"","Aleatorio","2","0.364000000000033"
"","Pares","2","0.0399999999999636"
"","Impares","2","0.692000000000007"
"","MaxPrimo","2","1.59299999999996"
"","MedioIntercalado","2","0.807000000000016"
"","MedioAscendente","2","1.42700000000002"
"","MedioDescendete","2","1.48099999999999"
"","MedioIntercalado2","2","0.783000000000015"
"","Ordenado","2","0.333999999999946"
"","Reverso","2","0.340000000000032"
"","Aleatorio","2","0.361999999999966"
"","Pares","2","0.039000000000101"
"","Impares","2","0.697000000000003"
"","MaxPrimo","2","1.53600000000006"
"","MedioIntercalado","2","0.802000000000021"
"","MedioAscendente","2","1.43899999999996"
"","MedioDescendete","2","1.48099999999999"
"","MedioIntercalado2","2","0.777000000000044"
"","Ordenado","2","0.330000000000041"
"","Reverso","2","0.345000000000027"
"","Aleatorio","2","0.364000000000033"
"","Pares","2","0.08299999999997"
"","Impares","2","0.716000000000008"
"","MaxPrimo","2","1.53499999999997"
"","MedioIntercalado","2","0.811000000000035"
"","MedioAscendente","2","1.41999999999996"
"","MedioDescendete","2","1.53399999999999"
"","MedioIntercalado2","2","0.80600000000004"
"","Ordenado","2","0.336000000000013"
"","Reverso","2","0.342999999999961"
"","Aleatorio","2","0.364000000000033"
"","Pares","2","0.0449999999999591"
"","Impares","2","0.712000000000103"
"","MaxPrimo","2","1.553"
"","MedioIntercalado","2","0.816000000000031"
"","MedioAscendente","2","1.44900000000007"
"","MedioDescendete","2","1.46600000000001"
"","MedioIntercalado2","2","0.809999999999945"
"","Ordenado","2","0.344999999999914"
"","Reverso","2","0.357999999999947"
"","Aleatorio","2","0.379999999999995"
"","Pares","2","0.0389999999999873"
"","Impares","2","0.701999999999998"
"","MaxPrimo","2","1.55399999999997"
"","MedioIntercalado","2","0.814999999999941"
"","MedioAscendente","2","1.42700000000002"
"","MedioDescendete","2","1.50200000000007"
"","MedioIntercalado2","2","0.77800000000002"
"","Ordenado","2","0.33299999999997"
"","Reverso","2","0.350999999999999"
"","Aleatorio","2","0.370000000000005"
"","Pares","2","0.0430000000000064"
"","Impares","2","0.701000000000022"
"","MaxPrimo","2","1.56299999999999"
"","MedioIntercalado","2","0.816999999999894"
"","MedioAscendente","2","1.44099999999992"
"","MedioDescendete","2","1.48700000000008"
"","MedioIntercalado2","2","0.774000000000001"
"","Ordenado","2","0.336000000000013"
"","Reverso","2","0.346000000000004"
"","Aleatorio","2","0.365999999999985"
"","Pares","2","0.0410000000000537"
"","Impares","2","0.702999999999975"
"","MaxPrimo","2","1.56399999999996"
"","MedioIntercalado","2","0.802999999999997"
"","MedioAscendente","2","1.42600000000004"
"","MedioDescendete","2","1.45299999999997"
"","MedioIntercalado2","2","0.779999999999973"
"","Ordenado","2","0.333999999999946"
"","Reverso","2","0.346000000000004"
"","Aleatorio","2","0.368999999999915"
"","Pares","2","0.04099999999994"
"","Impares","2","0.701999999999998"
"","MaxPrimo","2","1.577"
"","MedioIntercalado","2","0.801000000000045"
"","MedioAscendente","2","1.43999999999994"
"","MedioDescendete","2","1.447"
"","MedioIntercalado2","2","0.775999999999954"
"","Ordenado","2","0.33299999999997"
"","Reverso","2","0.341999999999985"
"","Aleatorio","2","0.367999999999938"
"","Pares","2","0.0389999999999873"
"","Impares","2","0.708999999999946"
"","MaxPrimo","2","1.56899999999996"
"","MedioIntercalado","2","0.800000000000068"
"","MedioAscendente","2","1.43899999999996"
"","MedioDescendete","2","1.44399999999996"
"","MedioIntercalado2","2","0.770999999999958"
"","Ordenado","2","0.331999999999994"
"","Reverso","2","0.342999999999961"
"","Aleatorio","2","0.363000000000056"
"","Pares","2","0.0400000000000773"
"","Impares","2","0.697000000000003"
"","MaxPrimo","2","1.54700000000003"
"","MedioIntercalado","2","0.79200000000003"
"","MedioAscendente","2","1.44400000000007"
"","MedioDescendete","2","1.48299999999995"
"","MedioIntercalado2","2","0.773000000000025"
"","Ordenado","2","0.331999999999994"
"","Reverso","2","0.354999999999905"
"","Aleatorio","2","0.369000000000028"
"","Pares","2","0.0400000000000773"
"","Impares","2","0.692000000000007"
"","MaxPrimo","2","1.55700000000002"
"","MedioIntercalado","2","0.793000000000006"
"","MedioAscendente","2","1.42600000000004"
"","MedioDescendete","2","1.49000000000001"
"","MedioIntercalado2","2","0.77800000000002"
"","Ordenado","2","0.326999999999998"
"","Reverso","2","0.354000000000042"
"","Aleatorio","2","0.378000000000043"
"","Pares","2","0.0449999999999591"
"","Impares","2","0.729000000000042"
"","MaxPrimo","2","1.53700000000003"
"","MedioIntercalado","2","0.798999999999978"
"","MedioAscendente","2","1.41600000000005"
"","MedioDescendete","2","1.48900000000003"
"","MedioIntercalado2","2","0.754000000000019"
"","Ordenado","2","0.338000000000079"
"","Reverso","2","0.338999999999942"
"","Aleatorio","2","0.350999999999999"
"","Pares","2","0.0389999999999873"
"","Impares","2","0.700000000000045"
"","MaxPrimo","2","1.52199999999993"
"","MedioIntercalado","2","0.793999999999983"
"","MedioAscendente","2","1.43499999999995"
"","MedioDescendete","2","1.46800000000007"
"","MedioIntercalado2","2","0.788000000000011"
"","Ordenado","2","0.335000000000036"
"","Reverso","2","0.344000000000051"
"","Aleatorio","2","0.361999999999966"
"","Pares","2","0.039000000000101"
"","Impares","2","0.701000000000022"
"","MaxPrimo","2","1.52499999999998"
"","MedioIntercalado","2","0.799999999999955"
"","MedioAscendente","2","1.42100000000005"
"","MedioDescendete","2","1.471"
"","MedioIntercalado2","2","0.771000000000072"
"","Ordenado","2","0.331999999999994"
"","Reverso","2","0.334999999999923"
"","Aleatorio","2","0.364999999999895"
"","Pares","2","0.0379999999998972"
"","Impares","2","0.697000000000003"
"","MaxPrimo","2","1.52300000000002"
"","MedioIntercalado","2","0.798999999999978"
"","MedioAscendente","2","1.43100000000004"
"","MedioDescendete","2","1.46199999999999"
"","MedioIntercalado2","2","0.761999999999944"
"","Ordenado","2","0.336000000000013"
"","Reverso","2","0.335000000000036"
"","Aleatorio","2","0.359000000000037"
"","Pares","2","0.0380000000000109"
"","Impares","2","0.704000000000065"
"","MaxPrimo","2","1.55600000000004"
"","MedioIntercalado","2","0.794999999999959"
"","MedioAscendente","2","1.42499999999995"
"","MedioDescendete","2","1.48099999999999"
"","MedioIntercalado2","2","0.764999999999986"
"","Ordenado","2","0.341999999999985"
"","Reverso","2","0.340999999999894"
"","Aleatorio","2","0.355999999999995"
"","Pares","2","0.0399999999999636"
"","Impares","2","0.705000000000041"
"","MaxPrimo","2","1.572"
"","MedioIntercalado","2","0.812000000000012"
"","MedioAscendente","2","1.45100000000002"
"","MedioDescendete","2","1.47800000000007"
"","MedioIntercalado2","2","0.793999999999983"
"","Ordenado","2","0.341999999999985"
"","Reverso","2","0.338000000000079"
"","Aleatorio","2","0.370999999999981"
"","Pares","2","0.0410000000000537"
"","Impares","2","0.676000000000045"
"","MaxPrimo","2","1.55200000000002"
"","MedioIntercalado","2","0.825999999999908"
"","MedioAscendente","2","1.42399999999998"
"","MedioDescendete","2","1.47799999999995"
"","MedioIntercalado2","2","0.779999999999973"
"","Ordenado","2","0.331999999999994"
"","Reverso","2","0.346000000000004"
"","Aleatorio","2","0.367000000000075"
"","Pares","2","0.04099999999994"
"","Impares","2","0.692999999999984"
"","MaxPrimo","2","1.55899999999997"
"","MedioIntercalado","2","0.803999999999974"
"","MedioAscendente","2","1.44000000000005"
"","MedioDescendete","2","1.49000000000001"
"","MedioIntercalado2","2","0.771000000000072"
"","Ordenado","2","0.331999999999994"
"","Reverso","2","0.346000000000004"
"","Aleatorio","2","0.367999999999938"
"","Pares","2","0.0389999999999873"
"","Impares","2","0.712999999999965"
"","MaxPrimo","2","1.61099999999999"
"","MedioIntercalado","2","0.798000000000002"
"","MedioAscendente","2","1.41800000000001"
"","MedioDescendete","2","1.48599999999999"
"","MedioIntercalado2","2","0.769000000000005"
"","Ordenado","3","0.326000000000022"
"","Reverso","3","0.282000000000039"
"","Aleatorio","3","0.271999999999935"
"","Pares","3","0.0349999999999682"
"","Impares","3","0.51400000000001"
"","MaxPrimo","3","1.072"
"","MedioIntercalado","3","0.576999999999998"
"","MedioAscendente","3","0.980000000000018"
"","MedioDescendete","3","1.02999999999997"
"","MedioIntercalado2","3","0.559999999999945"
"","Ordenado","3","0.244000000000028"
"","Reverso","3","0.245999999999981"
"","Aleatorio","3","0.25"
"","Pares","3","0.0380000000000109"
"","Impares","3","0.52800000000002"
"","MaxPrimo","3","1.05700000000002"
"","MedioIntercalado","3","0.567999999999984"
"","MedioAscendente","3","1.00299999999993"
"","MedioDescendete","3","1.00400000000002"
"","MedioIntercalado2","3","0.561000000000035"
"","Ordenado","3","0.246999999999957"
"","Reverso","3","0.253000000000043"
"","Aleatorio","3","0.248000000000047"
"","Pares","3","0.0330000000000155"
"","Impares","3","0.536000000000058"
"","MaxPrimo","3","1.06600000000003"
"","MedioIntercalado","3","0.576000000000022"
"","MedioAscendente","3","1.02599999999995"
"","MedioDescendete","3","1.03599999999994"
"","MedioIntercalado2","3","0.539999999999964"
"","Ordenado","3","0.240999999999985"
"","Reverso","3","0.242999999999938"
"","Aleatorio","3","0.242999999999938"
"","Pares","3","0.0359999999999445"
"","Impares","3","0.532000000000039"
"","MaxPrimo","3","1.08100000000002"
"","MedioIntercalado","3","0.569999999999936"
"","MedioAscendente","3","0.969000000000051"
"","MedioDescendete","3","1.03599999999994"
"","MedioIntercalado2","3","0.569000000000074"
"","Ordenado","3","0.241999999999962"
"","Reverso","3","0.246000000000095"
"","Aleatorio","3","0.250999999999976"
"","Pares","3","0.0339999999999918"
"","Impares","3","0.517000000000053"
"","MaxPrimo","3","1.06900000000007"
"","MedioIntercalado","3","0.573999999999955"
"","MedioAscendente","3","0.963999999999942"
"","MedioDescendete","3","1.01999999999998"
"","MedioIntercalado2","3","0.559000000000083"
"","Ordenado","3","0.244000000000028"
"","Reverso","3","0.269000000000005"
"","Aleatorio","3","0.235000000000014"
"","Pares","3","0.0330000000000155"
"","Impares","3","0.507999999999925"
"","MaxPrimo","3","1.06699999999989"
"","MedioIntercalado","3","0.597999999999956"
"","MedioAscendente","3","0.95799999999997"
"","MedioDescendete","3","1.03700000000003"
"","MedioIntercalado2","3","0.577999999999975"
"","Ordenado","3","0.234000000000037"
"","Reverso","3","0.245999999999981"
"","Aleatorio","3","0.245000000000005"
"","Pares","3","0.0369999999999209"
"","Impares","3","0.51400000000001"
"","MaxPrimo","3","1.11300000000006"
"","MedioIntercalado","3","0.578999999999951"
"","MedioAscendente","3","0.976999999999975"
"","MedioDescendete","3","1.024"
"","MedioIntercalado2","3","0.603999999999928"
"","Ordenado","3","0.245999999999981"
"","Reverso","3","0.263000000000034"
"","Aleatorio","3","0.258999999999901"
"","Pares","3","0.0430000000000064"
"","Impares","3","0.527000000000044"
"","MaxPrimo","3","1.06299999999999"
"","MedioIntercalado","3","0.594000000000051"
"","MedioAscendente","3","1.00800000000004"
"","MedioDescendete","3","1.05799999999999"
"","MedioIntercalado2","3","0.557999999999993"
"","Ordenado","3","0.241999999999962"
"","Reverso","3","0.253000000000043"
"","Aleatorio","3","0.248000000000047"
"","Pares","3","0.0339999999999918"
"","Impares","3","0.51400000000001"
"","MaxPrimo","3","1.04999999999995"
"","MedioIntercalado","3","0.569000000000074"
"","MedioAscendente","3","1.01099999999997"
"","MedioDescendete","3","1.01899999999989"
"","MedioIntercalado2","3","0.541999999999916"
"","Ordenado","3","0.242000000000189"
"","Reverso","3","0.25"
"","Aleatorio","3","0.260999999999967"
"","Pares","3","0.0320000000001528"
"","Impares","3","0.537999999999784"
"","MaxPrimo","3","1.07200000000012"
"","MedioIntercalado","3","0.634999999999991"
"","MedioAscendente","3","0.965999999999894"
"","MedioDescendete","3","1.03700000000003"
"","MedioIntercalado2","3","0.590999999999894"
"","Ordenado","3","0.240000000000009"
"","Reverso","3","0.249000000000024"
"","Aleatorio","3","0.247000000000071"
"","Pares","3","0.0339999999998781"
"","Impares","3","0.509000000000015"
"","MaxPrimo","3","1.09500000000003"
"","MedioIntercalado","3","0.58199999999988"
"","MedioAscendente","3","0.961999999999989"
"","MedioDescendete","3","1.02199999999993"
"","MedioIntercalado2","3","0.575000000000045"
"","Ordenado","3","0.240000000000009"
"","Reverso","3","0.247000000000071"
"","Aleatorio","3","0.242000000000189"
"","Pares","3","0.0350000000000819"
"","Impares","3","0.506999999999834"
"","MaxPrimo","3","1.08400000000006"
"","MedioIntercalado","3","0.576999999999998"
"","MedioAscendente","3","0.967000000000098"
"","MedioDescendete","3","1.029"
"","MedioIntercalado2","3","0.550999999999931"
"","Ordenado","3","0.246000000000095"
"","Reverso","3","0.269999999999982"
"","Aleatorio","3","0.243999999999915"
"","Pares","3","0.0319999999999254"
"","Impares","3","0.532999999999902"
"","MaxPrimo","3","1.06299999999987"
"","MedioIntercalado","3","0.575000000000045"
"","MedioAscendente","3","0.978000000000065"
"","MedioDescendete","3","1.02999999999997"
"","MedioIntercalado2","3","0.54099999999994"
"","Ordenado","3","0.240000000000009"
"","Reverso","3","0.253000000000156"
"","Aleatorio","3","0.254000000000133"
"","Pares","3","0.0430000000001201"
"","Impares","3","0.523000000000138"
"","MaxPrimo","3","1.07400000000007"
"","MedioIntercalado","3","0.596000000000004"
"","MedioAscendente","3","0.989000000000033"
"","MedioDescendete","3","1.03899999999999"
"","MedioIntercalado2","3","0.541999999999916"
"","Ordenado","3","0.241999999999962"
"","Reverso","3","0.245999999999867"
"","Aleatorio","3","0.242999999999938"
"","Pares","3","0.0370000000000346"
"","Impares","3","0.481999999999971"
"","MaxPrimo","3","1.06200000000013"
"","MedioIntercalado","3","0.557000000000016"
"","MedioAscendente","3","1.00800000000004"
"","MedioDescendete","3","0.977999999999838"
"","MedioIntercalado2","3","0.55399999999986"
"","Ordenado","3","0.248000000000047"
"","Reverso","3","0.238999999999805"
"","Aleatorio","3","0.252999999999929"
"","Pares","3","0.0329999999999018"
"","Impares","3","0.533999999999878"
"","MaxPrimo","3","1.07799999999997"
"","MedioIntercalado","3","0.588999999999942"
"","MedioAscendente","3","0.9849999999999"
"","MedioDescendete","3","1.01099999999997"
"","MedioIntercalado2","3","0.571999999999889"
"","Ordenado","3","0.239000000000033"
"","Reverso","3","0.240000000000009"
"","Aleatorio","3","0.249000000000024"
"","Pares","3","0.0740000000000691"
"","Impares","3","0.520999999999958"
"","MaxPrimo","3","1.11299999999983"
"","MedioIntercalado","3","0.605000000000018"
"","MedioAscendente","3","1.03099999999995"
"","MedioDescendete","3","1.0139999999999"
"","MedioIntercalado2","3","0.570999999999913"
"","Ordenado","3","0.240999999999985"
"","Reverso","3","0.253999999999905"
"","Aleatorio","3","0.25"
"","Pares","3","0.0360000000000582"
"","Impares","3","0.515999999999849"
"","MaxPrimo","3","1.08799999999997"
"","MedioIntercalado","3","0.586000000000013"
"","MedioAscendente","3","0.954999999999927"
"","MedioDescendete","3","1.02199999999993"
"","MedioIntercalado2","3","0.572000000000116"
"","Ordenado","3","0.239000000000033"
"","Reverso","3","0.264999999999873"
"","Aleatorio","3","0.243999999999915"
"","Pares","3","0.0380000000000109"
"","Impares","3","0.526000000000067"
"","MaxPrimo","3","1.05999999999995"
"","MedioIntercalado","3","0.587999999999965"
"","MedioAscendente","3","0.973000000000184"
"","MedioDescendete","3","1.06099999999992"
"","MedioIntercalado2","3","0.559999999999945"
"","Ordenado","3","0.241999999999962"
"","Reverso","3","0.252999999999929"
"","Aleatorio","3","0.242999999999938"
"","Pares","3","0.0339999999998781"
"","Impares","3","0.54099999999994"
"","MaxPrimo","3","1.06099999999992"
"","MedioIntercalado","3","0.609000000000151"
"","MedioAscendente","3","0.977000000000089"
"","MedioDescendete","3","1.03300000000013"
"","MedioIntercalado2","3","0.55600000000004"
"","Ordenado","3","0.25"
"","Reverso","3","0.245000000000118"
"","Aleatorio","3","0.240999999999985"
"","Pares","3","0.0740000000000691"
"","Impares","3","0.544000000000096"
"","MaxPrimo","3","1.06099999999992"
"","MedioIntercalado","3","0.613000000000056"
"","MedioAscendente","3","0.990000000000009"
"","MedioDescendete","3","1.04600000000005"
"","MedioIntercalado2","3","0.581000000000131"
"","Ordenado","3","0.242999999999938"
"","Reverso","3","0.242000000000189"
"","Aleatorio","3","0.241999999999962"
"","Pares","3","0.0329999999999018"
"","Impares","3","0.509999999999991"
"","MaxPrimo","3","1.08600000000001"
"","MedioIntercalado","3","0.576000000000022"
"","MedioAscendente","3","0.979000000000042"
"","MedioDescendete","3","1.04600000000005"
"","MedioIntercalado2","3","0.563999999999851"
"","Ordenado","3","0.247000000000071"
"","Reverso","3","0.244000000000142"
"","Aleatorio","3","0.247000000000071"
"","Pares","3","0.0369999999998072"
"","Impares","3","0.511999999999944"
"","MaxPrimo","3","1.10400000000004"
"","MedioIntercalado","3","0.578999999999951"
"","MedioAscendente","3","0.971000000000004"
"","MedioDescendete","3","1.01099999999997"
"","MedioIntercalado2","3","0.586000000000013"
"","Ordenado","3","0.238000000000056"
"","Reverso","3","0.255000000000109"
"","Aleatorio","3","0.242000000000189"
"","Pares","3","0.0360000000000582"
"","Impares","3","0.542000000000144"
"","MaxPrimo","3","1.08699999999999"
"","MedioIntercalado","3","0.571999999999889"
"","MedioAscendente","3","0.977000000000089"
"","MedioDescendete","3","1.00800000000004"
"","MedioIntercalado2","3","0.56899999999996"
"","Ordenado","3","0.231999999999971"
"","Reverso","3","0.251999999999953"
"","Aleatorio","3","0.238000000000056"
"","Pares","3","0.0329999999999018"
"","Impares","3","0.505999999999858"
"","MaxPrimo","3","1.05700000000002"
"","MedioIntercalado","3","0.567999999999984"
"","MedioAscendente","3","1.00300000000016"
"","MedioDescendete","3","1.04700000000003"
"","MedioIntercalado2","3","0.546000000000049"
"","Ordenado","3","0.242999999999938"
"","Reverso","3","0.268000000000029"
"","Aleatorio","3","0.269999999999982"
"","Pares","3","0.0309999999999491"
"","Impares","3","0.528999999999996"
"","MaxPrimo","3","1.06299999999987"
"","MedioIntercalado","3","0.596000000000004"
"","MedioAscendente","3","0.996999999999844"
"","MedioDescendete","3","1.029"
"","MedioIntercalado2","3","0.551000000000158"
"","Ordenado","3","0.256000000000085"
"","Reverso","3","0.239000000000033"
"","Aleatorio","3","0.25"
"","Pares","3","0.0389999999999873"
"","Impares","3","0.527000000000044"
"","MaxPrimo","3","1.05299999999988"
"","MedioIntercalado","3","0.577999999999975"
"","MedioAscendente","3","1.01700000000005"
"","MedioDescendete","3","1.07600000000002"
"","MedioIntercalado2","3","0.544999999999845"
"","Ordenado","3","0.248000000000047"
"","Reverso","3","0.239000000000033"
"","Aleatorio","3","0.243999999999915"
"","Pares","3","0.0329999999999018"
"","Impares","3","0.539999999999964"
"","MaxPrimo","3","1.08199999999988"
"","MedioIntercalado","3","0.595000000000027"
"","MedioAscendente","3","0.979000000000042"
"","MedioDescendete","3","1.01900000000001"
"","MedioIntercalado2","3","0.564000000000078"
"","Ordenado","3","0.245999999999867"
"","Reverso","3","0.248000000000047"
"","Aleatorio","3","0.249000000000024"
"","Pares","3","0.0380000000000109"
"","Impares","3","0.52800000000002"
"","MaxPrimo","3","1.07799999999997"
"","MedioIntercalado","3","0.588999999999942"
"","MedioAscendente","3","0.973999999999933"
"","MedioDescendete","3","0.97199999999998"
"","MedioIntercalado2","3","0.560999999999922"
"","Ordenado","3","0.240999999999985"
"","Reverso","3","0.243999999999915"
"","Aleatorio","3","0.242999999999938"
"","Pares","3","0.0349999999998545"
"","Impares","3","0.503999999999905"
"","MaxPrimo","3","1.10300000000007"
"","MedioIntercalado","3","0.589000000000169"
"","MedioAscendente","3","0.963999999999942"
"","MedioDescendete","3","1.01900000000001"
"","MedioIntercalado2","3","0.581000000000131"
"","Ordenado","4","0.280999999999949"
"","Reverso","4","0.277000000000044"
"","Aleatorio","4","0.251999999999953"
"","Pares","4","0.0349999999998545"
"","Impares","4","0.48700000000008"
"","MaxPrimo","4","0.845000000000027"
"","MedioIntercalado","4","0.501999999999953"
"","MedioAscendente","4","0.747000000000071"
"","MedioDescendete","4","0.794000000000096"
"","MedioIntercalado2","4","0.490999999999985"
"","Ordenado","4","0.190000000000055"
"","Reverso","4","0.205999999999904"
"","Aleatorio","4","0.198999999999842"
"","Pares","4","0.0330000000001291"
"","Impares","4","0.433999999999969"
"","MaxPrimo","4","0.86200000000008"
"","MedioIntercalado","4","0.498000000000047"
"","MedioAscendente","4","0.775000000000091"
"","MedioDescendete","4","0.800000000000182"
"","MedioIntercalado2","4","0.453999999999951"
"","Ordenado","4","0.199999999999818"
"","Reverso","4","0.205999999999904"
"","Aleatorio","4","0.203999999999951"
"","Pares","4","0.0370000000000346"
"","Impares","4","0.478999999999814"
"","MaxPrimo","4","1.04200000000014"
"","MedioIntercalado","4","0.495000000000118"
"","MedioAscendente","4","0.755000000000109"
"","MedioDescendete","4","0.792000000000144"
"","MedioIntercalado2","4","0.450000000000045"
"","Ordenado","4","0.203999999999951"
"","Reverso","4","0.202999999999975"
"","Aleatorio","4","0.269000000000005"
"","Pares","4","0.0399999999999636"
"","Impares","4","0.418999999999869"
"","MaxPrimo","4","0.884999999999991"
"","MedioIntercalado","4","0.492000000000189"
"","MedioAscendente","4","0.765999999999849"
"","MedioDescendete","4","0.798000000000002"
"","MedioIntercalado2","4","0.495000000000118"
"","Ordenado","4","0.201000000000022"
"","Reverso","4","0.202999999999975"
"","Aleatorio","4","0.205000000000155"
"","Pares","4","0.0330000000001291"
"","Impares","4","0.451000000000022"
"","MaxPrimo","4","0.872000000000071"
"","MedioIntercalado","4","0.48700000000008"
"","MedioAscendente","4","0.788999999999987"
"","MedioDescendete","4","0.815000000000055"
"","MedioIntercalado2","4","0.476000000000113"
"","Ordenado","4","0.204000000000178"
"","Reverso","4","0.200000000000045"
"","Aleatorio","4","0.207999999999856"
"","Pares","4","0.0350000000000819"
"","Impares","4","0.464000000000169"
"","MaxPrimo","4","0.913999999999987"
"","MedioIntercalado","4","0.507000000000062"
"","MedioAscendente","4","0.776000000000067"
"","MedioDescendete","4","0.792000000000144"
"","MedioIntercalado2","4","0.453999999999951"
"","Ordenado","4","0.204999999999927"
"","Reverso","4","0.230999999999995"
"","Aleatorio","4","0.230000000000018"
"","Pares","4","0.0349999999998545"
"","Impares","4","0.432000000000016"
"","MaxPrimo","4","0.889999999999873"
"","MedioIntercalado","4","0.533000000000129"
"","MedioAscendente","4","0.791999999999916"
"","MedioDescendete","4","0.792999999999893"
"","MedioIntercalado2","4","0.463000000000193"
"","Ordenado","4","0.203000000000202"
"","Reverso","4","0.199000000000069"
"","Aleatorio","4","0.201000000000022"
"","Pares","4","0.0330000000001291"
"","Impares","4","0.440000000000055"
"","MaxPrimo","4","0.875"
"","MedioIntercalado","4","0.494999999999891"
"","MedioAscendente","4","0.79099999999994"
"","MedioDescendete","4","0.81899999999996"
"","MedioIntercalado2","4","0.453999999999951"
"","Ordenado","4","0.201999999999998"
"","Reverso","4","0.203000000000202"
"","Aleatorio","4","0.202999999999975"
"","Pares","4","0.0350000000000819"
"","Impares","4","0.432999999999993"
"","MaxPrimo","4","0.903999999999996"
"","MedioIntercalado","4","0.505999999999858"
"","MedioAscendente","4","0.769000000000005"
"","MedioDescendete","4","0.796000000000049"
"","MedioIntercalado2","4","0.447000000000116"
"","Ordenado","4","0.219000000000051"
"","Reverso","4","0.220000000000027"
"","Aleatorio","4","0.226000000000113"
"","Pares","4","0.0329999999999018"
"","Impares","4","0.422999999999774"
"","MaxPrimo","4","0.913999999999987"
"","MedioIntercalado","4","0.521000000000186"
"","MedioAscendente","4","0.773999999999887"
"","MedioDescendete","4","0.798000000000002"
"","MedioIntercalado2","4","0.451999999999998"
"","Ordenado","4","0.201000000000022"
"","Reverso","4","0.197999999999865"
"","Aleatorio","4","0.199000000000069"
"","Pares","4","0.0350000000000819"
"","Impares","4","0.452999999999975"
"","MaxPrimo","4","0.863000000000056"
"","MedioIntercalado","4","0.480999999999995"
"","MedioAscendente","4","0.769000000000005"
"","MedioDescendete","4","0.825000000000045"
"","MedioIntercalado2","4","0.451000000000022"
"","Ordenado","4","0.202999999999975"
"","Reverso","4","0.214999999999918"
"","Aleatorio","4","0.208999999999833"
"","Pares","4","0.0389999999999873"
"","Impares","4","0.420000000000073"
"","MaxPrimo","4","0.901000000000067"
"","MedioIntercalado","4","0.489000000000033"
"","MedioAscendente","4","0.767000000000053"
"","MedioDescendete","4","0.784999999999854"
"","MedioIntercalado2","4","0.458000000000084"
"","Ordenado","4","0.220000000000027"
"","Reverso","4","0.229000000000042"
"","Aleatorio","4","0.198999999999842"
"","Pares","4","0.0340000000001055"
"","Impares","4","0.428000000000111"
"","MaxPrimo","4","0.897000000000162"
"","MedioIntercalado","4","0.517000000000053"
"","MedioAscendente","4","0.769999999999982"
"","MedioDescendete","4","0.809999999999945"
"","MedioIntercalado2","4","0.472999999999956"
"","Ordenado","4","0.195000000000164"
"","Reverso","4","0.199000000000069"
"","Aleatorio","4","0.198999999999842"
"","Pares","4","0.0350000000000819"
"","Impares","4","0.424999999999955"
"","MaxPrimo","4","0.865999999999985"
"","MedioIntercalado","4","0.499000000000024"
"","MedioAscendente","4","0.769999999999982"
"","MedioDescendete","4","0.817000000000007"
"","MedioIntercalado2","4","0.455000000000155"
"","Ordenado","4","0.200000000000045"
"","Reverso","4","0.198999999999842"
"","Aleatorio","4","0.207000000000107"
"","Pares","4","0.0330000000001291"
"","Impares","4","0.435000000000173"
"","MaxPrimo","4","0.903999999999996"
"","MedioIntercalado","4","0.503000000000156"
"","MedioAscendente","4","0.772999999999911"
"","MedioDescendete","4","0.797000000000025"
"","MedioIntercalado2","4","0.453999999999951"
"","Ordenado","4","0.240000000000009"
"","Reverso","4","0.218999999999824"
"","Aleatorio","4","0.233999999999924"
"","Pares","4","0.0319999999999254"
"","Impares","4","0.442999999999984"
"","MaxPrimo","4","0.895999999999958"
"","MedioIntercalado","4","0.514000000000124"
"","MedioAscendente","4","0.832999999999856"
"","MedioDescendete","4","0.807000000000016"
"","MedioIntercalado2","4","0.460000000000036"
"","Ordenado","4","0.202999999999975"
"","Reverso","4","0.211999999999989"
"","Aleatorio","4","0.202999999999975"
"","Pares","4","0.0319999999999254"
"","Impares","4","0.449000000000069"
"","MaxPrimo","4","0.892000000000053"
"","MedioIntercalado","4","0.5"
"","MedioAscendente","4","0.779999999999973"
"","MedioDescendete","4","0.809999999999945"
"","MedioIntercalado2","4","0.451000000000022"
"","Ordenado","4","0.201000000000022"
"","Reverso","4","0.203999999999951"
"","Aleatorio","4","0.214999999999918"
"","Pares","4","0.043999999999869"
"","Impares","4","0.583000000000084"
"","MaxPrimo","4","1.23000000000002"
"","MedioIntercalado","4","0.650000000000091"
"","MedioAscendente","4","0.825000000000045"
"","MedioDescendete","4","0.850000000000136"
"","MedioIntercalado2","4","0.461000000000013"
"","Ordenado","4","0.218000000000075"
"","Reverso","4","0.219000000000051"
"","Aleatorio","4","0.212999999999965"
"","Pares","4","0.0340000000001055"
"","Impares","4","0.44199999999978"
"","MaxPrimo","4","0.885999999999967"
"","MedioIntercalado","4","0.507000000000062"
"","MedioAscendente","4","0.794999999999845"
"","MedioDescendete","4","0.802000000000135"
"","MedioIntercalado2","4","0.499000000000024"
"","Ordenado","4","0.210000000000036"
"","Reverso","4","0.202999999999975"
"","Aleatorio","4","0.201999999999998"
"","Pares","4","0.0330000000001291"
"","Impares","4","0.423000000000002"
"","MaxPrimo","4","0.877999999999929"
"","MedioIntercalado","4","0.473999999999933"
"","MedioAscendente","4","0.761999999999944"
"","MedioDescendete","4","0.804000000000087"
"","MedioIntercalado2","4","0.451999999999998"
"","Ordenado","4","0.199000000000069"
"","Reverso","4","0.196999999999889"
"","Aleatorio","4","0.230999999999995"
"","Pares","4","0.0349999999998545"
"","Impares","4","0.433999999999969"
"","MaxPrimo","4","0.88799999999992"
"","MedioIntercalado","4","0.496999999999844"
"","MedioAscendente","4","0.769000000000005"
"","MedioDescendete","4","0.801999999999907"
"","MedioIntercalado2","4","0.476999999999862"
"","Ordenado","4","0.198000000000093"
"","Reverso","4","0.219000000000051"
"","Aleatorio","4","0.197999999999865"
"","Pares","4","0.0340000000001055"
"","Impares","4","0.440000000000055"
"","MaxPrimo","4","0.866999999999962"
"","MedioIntercalado","4","0.479000000000042"
"","MedioAscendente","4","0.777000000000044"
"","MedioDescendete","4","0.799999999999955"
"","MedioIntercalado2","4","0.463999999999942"
"","Ordenado","4","0.197999999999865"
"","Reverso","4","0.199000000000069"
"","Aleatorio","4","0.20900000000006"
"","Pares","4","0.0329999999999018"
"","Impares","4","0.432000000000016"
"","MaxPrimo","4","0.871000000000095"
"","MedioIntercalado","4","0.492999999999938"
"","MedioAscendente","4","0.779999999999973"
"","MedioDescendete","4","0.819000000000187"
"","MedioIntercalado2","4","0.448000000000093"
"","Ordenado","4","0.20699999999988"
"","Reverso","4","0.200000000000045"
"","Aleatorio","4","0.215999999999894"
"","Pares","4","0.0319999999999254"
"","Impares","4","0.420000000000073"
"","MaxPrimo","4","0.889000000000124"
"","MedioIntercalado","4","0.48700000000008"
"","MedioAscendente","4","0.763999999999896"
"","MedioDescendete","4","0.807999999999993"
"","MedioIntercalado2","4","0.463999999999942"
"","Ordenado","4","0.218999999999824"
"","Reverso","4","0.215999999999894"
"","Aleatorio","4","0.198000000000093"
"","Pares","4","0.0330000000001291"
"","Impares","4","0.432999999999993"
"","MaxPrimo","4","0.874000000000024"
"","MedioIntercalado","4","0.519000000000005"
"","MedioAscendente","4","0.761999999999944"
"","MedioDescendete","4","0.79099999999994"
"","MedioIntercalado2","4","0.451000000000022"
"","Ordenado","4","0.201999999999998"
"","Reverso","4","0.197999999999865"
"","Aleatorio","4","0.201000000000022"
"","Pares","4","0.0329999999999018"
"","Impares","4","0.455999999999904"
"","MaxPrimo","4","0.884999999999991"
"","MedioIntercalado","4","0.501000000000204"
"","MedioAscendente","4","0.770999999999958"
"","MedioDescendete","4","0.811000000000149"
"","MedioIntercalado2","4","0.450000000000045"
"","Ordenado","4","0.197999999999865"
"","Reverso","4","0.220000000000027"
"","Aleatorio","4","0.203000000000202"
"","Pares","4","0.0340000000001055"
"","Impares","4","0.428000000000111"
"","MaxPrimo","4","0.893000000000029"
"","MedioIntercalado","4","0.506000000000085"
"","MedioAscendente","4","0.767000000000053"
"","MedioDescendete","4","0.814000000000078"
"","MedioIntercalado2","4","0.460000000000036"
"","Ordenado","4","0.222999999999956"
"","Reverso","4","0.219000000000051"
"","Aleatorio","4","0.197000000000116"
"","Pares","4","0.0330000000001291"
"","Impares","4","0.434999999999945"
"","MaxPrimo","4","0.882000000000062"
"","MedioIntercalado","4","0.496999999999844"
"","MedioAscendente","4","0.781999999999925"
"","MedioDescendete","4","0.800999999999931"
"","MedioIntercalado2","4","0.457000000000107"
"","Ordenado","4","0.197000000000116"
"","Reverso","4","0.20699999999988"
"","Aleatorio","4","0.201999999999998"
"","Pares","4","0.0350000000000819"
"","Impares","4","0.423000000000002"
"","MaxPrimo","4","0.888000000000147"
"","MedioIntercalado","4","0.560999999999922"
"","MedioAscendente","4","0.773999999999887"
"","MedioDescendete","4","0.868999999999915"
"","MedioIntercalado2","4","0.481999999999971"
"","Ordenado","4","0.218000000000075"
"","Reverso","4","0.207999999999856"
"","Aleatorio","4","0.201000000000022"
"","Pares","4","0.0340000000001055"
"","Impares","4","0.429999999999836"
"","MaxPrimo","4","0.893000000000029"
"","MedioIntercalado","4","0.510999999999967"
"","MedioAscendente","4","0.776000000000067"
"","MedioDescendete","4","0.809000000000196"
"","MedioIntercalado2","4","0.448000000000093"
"","Ordenado","5","0.355000000000018"
"","Reverso","5","0.360999999999876"
"","Aleatorio","5","0.314000000000078"
"","Pares","5","0.110000000000127"
"","Impares","5","0.569000000000187"
"","MaxPrimo","5","1.04500000000007"
"","MedioIntercalado","5","0.574999999999818"
"","MedioAscendente","5","0.675999999999931"
"","MedioDescendete","5","0.723999999999933"
"","MedioIntercalado2","5","0.560999999999922"
"","Ordenado","5","0.317999999999984"
"","Reverso","5","0.309999999999945"
"","Aleatorio","5","0.321999999999889"
"","Pares","5","0.0699999999999363"
"","Impares","5","0.523999999999887"
"","MaxPrimo","5","1.00600000000009"
"","MedioIntercalado","5","0.567000000000007"
"","MedioAscendente","5","0.697000000000116"
"","MedioDescendete","5","0.730999999999995"
"","MedioIntercalado2","5","0.554000000000087"
"","Ordenado","5","0.309999999999945"
"","Reverso","5","0.30399999999986"
"","Aleatorio","5","0.365999999999985"
"","Pares","5","0.0760000000000218"
"","Impares","5","0.496000000000095"
"","MaxPrimo","5","1.01900000000001"
"","MedioIntercalado","5","0.567000000000007"
"","MedioAscendente","5","0.675999999999931"
"","MedioDescendete","5","0.714999999999918"
"","MedioIntercalado2","5","0.567000000000007"
"","Ordenado","5","0.343000000000075"
"","Reverso","5","0.330999999999904"
"","Aleatorio","5","0.312999999999874"
"","Pares","5","0.110999999999876"
"","Impares","5","0.51299999999992"
"","MaxPrimo","5","0.980999999999995"
"","MedioIntercalado","5","0.560000000000173"
"","MedioAscendente","5","0.688000000000102"
"","MedioDescendete","5","0.722999999999956"
"","MedioIntercalado2","5","0.551000000000158"
"","Ordenado","5","0.329999999999927"
"","Reverso","5","0.292999999999893"
"","Aleatorio","5","0.315000000000055"
"","Pares","5","0.0709999999999127"
"","Impares","5","0.520000000000209"
"","MaxPrimo","5","1.04100000000017"
"","MedioIntercalado","5","0.575000000000045"
"","MedioAscendente","5","0.663999999999987"
"","MedioDescendete","5","0.721000000000004"
"","MedioIntercalado2","5","0.579999999999927"
"","Ordenado","5","0.307000000000016"
"","Reverso","5","0.311999999999898"
"","Aleatorio","5","0.307000000000016"
"","Pares","5","0.110000000000127"
"","Impares","5","0.510999999999967"
"","MaxPrimo","5","1.02800000000002"
"","MedioIntercalado","5","0.577999999999975"
"","MedioAscendente","5","0.677000000000135"
"","MedioDescendete","5","0.729000000000042"
"","MedioIntercalado2","5","0.594000000000051"
"","Ordenado","5","0.302000000000135"
"","Reverso","5","0.317999999999984"
"","Aleatorio","5","0.315000000000055"
"","Pares","5","0.116999999999962"
"","Impares","5","0.519999999999982"
"","MaxPrimo","5","1.03700000000003"
"","MedioIntercalado","5","0.590000000000146"
"","MedioAscendente","5","0.687000000000126"
"","MedioDescendete","5","0.730999999999995"
"","MedioIntercalado2","5","0.560000000000173"
"","Ordenado","5","0.309999999999945"
"","Reverso","5","0.311999999999898"
"","Aleatorio","5","0.317000000000007"
"","Pares","5","0.0699999999999363"
"","Impares","5","0.508000000000038"
"","MaxPrimo","5","1.02200000000016"
"","MedioIntercalado","5","0.586999999999989"
"","MedioAscendente","5","0.678000000000111"
"","MedioDescendete","5","0.716000000000122"
"","MedioIntercalado2","5","0.547000000000025"
"","Ordenado","5","0.312000000000126"
"","Reverso","5","0.326000000000022"
"","Aleatorio","5","0.305000000000064"
"","Pares","5","0.111000000000104"
"","Impares","5","0.514000000000124"
"","MaxPrimo","5","1.03100000000018"
"","MedioIntercalado","5","0.578999999999951"
"","MedioAscendente","5","0.72400000000016"
"","MedioDescendete","5","0.728000000000065"
"","MedioIntercalado2","5","0.559000000000196"
"","Ordenado","5","0.317999999999984"
"","Reverso","5","0.319999999999936"
"","Aleatorio","5","0.317000000000007"
"","Pares","5","0.115000000000009"
"","Impares","5","0.520999999999958"
"","MaxPrimo","5","1.0150000000001"
"","MedioIntercalado","5","0.591999999999871"
"","MedioAscendente","5","0.701999999999998"
"","MedioDescendete","5","0.750999999999976"
"","MedioIntercalado2","5","0.552999999999884"
"","Ordenado","5","0.313000000000102"
"","Reverso","5","0.321999999999889"
"","Aleatorio","5","0.31899999999996"
"","Pares","5","0.0720000000001164"
"","Impares","5","0.508999999999787"
"","MaxPrimo","5","1.029"
"","MedioIntercalado","5","0.580000000000155"
"","MedioAscendente","5","0.702999999999975"
"","MedioDescendete","5","0.759000000000015"
"","MedioIntercalado2","5","0.552000000000135"
"","Ordenado","5","0.313000000000102"
"","Reverso","5","0.314999999999827"
"","Aleatorio","5","0.316000000000031"
"","Pares","5","0.1099999999999"
"","Impares","5","0.519000000000005"
"","MaxPrimo","5","1.06600000000003"
"","MedioIntercalado","5","0.559999999999945"
"","MedioAscendente","5","0.680999999999813"
"","MedioDescendete","5","0.740999999999985"
"","MedioIntercalado2","5","0.541999999999916"
"","Ordenado","5","0.312000000000126"
"","Reverso","5","0.307999999999993"
"","Aleatorio","5","0.311999999999898"
"","Pares","5","0.113000000000056"
"","Impares","5","0.519000000000005"
"","MaxPrimo","5","1.03199999999993"
"","MedioIntercalado","5","0.572999999999865"
"","MedioAscendente","5","0.660000000000082"
"","MedioDescendete","5","0.728000000000065"
"","MedioIntercalado2","5","0.565000000000055"
"","Ordenado","5","0.308999999999969"
"","Reverso","5","0.317999999999984"
"","Aleatorio","5","0.316000000000031"
"","Pares","5","0.0700000000001637"
"","Impares","5","0.521000000000186"
"","MaxPrimo","5","1.03099999999995"
"","MedioIntercalado","5","0.573000000000093"
"","MedioAscendente","5","0.675999999999931"
"","MedioDescendete","5","0.724999999999909"
"","MedioIntercalado2","5","0.575000000000045"
"","Ordenado","5","0.317999999999984"
"","Reverso","5","0.307999999999993"
"","Aleatorio","5","0.322000000000116"
"","Pares","5","0.113000000000056"
"","Impares","5","0.521999999999935"
"","MaxPrimo","5","1.04500000000007"
"","MedioIntercalado","5","0.56899999999996"
"","MedioAscendente","5","0.673000000000002"
"","MedioDescendete","5","0.732999999999947"
"","MedioIntercalado2","5","0.564000000000078"
"","Ordenado","5","0.308999999999969"
"","Reverso","5","0.317999999999984"
"","Aleatorio","5","0.317999999999984"
"","Pares","5","0.0760000000000218"
"","Impares","5","0.537000000000035"
"","MaxPrimo","5","1.01200000000017"
"","MedioIntercalado","5","0.564000000000078"
"","MedioAscendente","5","0.679000000000087"
"","MedioDescendete","5","0.730000000000018"
"","MedioIntercalado2","5","0.551999999999907"
"","Ordenado","5","0.309999999999945"
"","Reverso","5","0.317999999999984"
"","Aleatorio","5","0.326000000000022"
"","Pares","5","0.0679999999999836"
"","Impares","5","0.54099999999994"
"","MaxPrimo","5","1.02500000000009"
"","MedioIntercalado","5","0.572999999999865"
"","MedioAscendente","5","0.666999999999916"
"","MedioDescendete","5","0.726999999999862"
"","MedioIntercalado2","5","0.565000000000055"
"","Ordenado","5","0.314999999999827"
"","Reverso","5","0.317000000000007"
"","Aleatorio","5","0.308999999999969"
"","Pares","5","0.115000000000009"
"","Impares","5","0.518000000000029"
"","MaxPrimo","5","1.01299999999992"
"","MedioIntercalado","5","0.567000000000007"
"","MedioAscendente","5","0.682999999999993"
"","MedioDescendete","5","0.716000000000122"
"","MedioIntercalado2","5","0.554000000000087"
"","Ordenado","5","0.326999999999998"
"","Reverso","5","0.314000000000078"
"","Aleatorio","5","0.338000000000193"
"","Pares","5","0.114000000000033"
"","Impares","5","0.516999999999825"
"","MaxPrimo","5","1.03400000000011"
"","MedioIntercalado","5","0.572999999999865"
"","MedioAscendente","5","0.675000000000182"
"","MedioDescendete","5","0.711000000000013"
"","MedioIntercalado2","5","0.562000000000126"
"","Ordenado","5","0.30600000000004"
"","Reverso","5","0.320999999999913"
"","Aleatorio","5","0.319999999999936"
"","Pares","5","0.115999999999985"
"","Impares","5","0.505000000000109"
"","MaxPrimo","5","1.00599999999986"
"","MedioIntercalado","5","0.569999999999936"
"","MedioAscendente","5","0.685999999999922"
"","MedioDescendete","5","0.715999999999894"
"","MedioIntercalado2","5","0.567999999999984"
"","Ordenado","5","0.322999999999865"
"","Reverso","5","0.312000000000126"
"","Aleatorio","5","0.313000000000102"
"","Pares","5","0.0690000000001874"
"","Impares","5","0.531999999999925"
"","MaxPrimo","5","1.02099999999996"
"","MedioIntercalado","5","0.569999999999936"
"","MedioAscendente","5","0.675999999999931"
"","MedioDescendete","5","0.711999999999989"
"","MedioIntercalado2","5","0.566000000000031"
"","Ordenado","5","0.307999999999993"
"","Reverso","5","0.316000000000031"
"","Aleatorio","5","0.326999999999998"
"","Pares","5","0.108999999999924"
"","Impares","5","0.498000000000047"
"","MaxPrimo","5","1.04300000000012"
"","MedioIntercalado","5","0.570999999999913"
"","MedioAscendente","5","0.689999999999827"
"","MedioDescendete","5","0.731999999999971"
"","MedioIntercalado2","5","0.561999999999898"
"","Ordenado","5","0.312000000000126"
"","Reverso","5","0.341999999999871"
"","Aleatorio","5","0.317999999999984"
"","Pares","5","0.113000000000056"
"","Impares","5","0.519000000000005"
"","MaxPrimo","5","1.0630000000001"
"","MedioIntercalado","5","0.58199999999988"
"","MedioAscendente","5","0.721000000000004"
"","MedioDescendete","5","0.72199999999998"
"","MedioIntercalado2","5","0.557000000000016"
"","Ordenado","5","0.310999999999922"
"","Reverso","5","0.337999999999965"
"","Aleatorio","5","0.310999999999922"
"","Pares","5","0.115000000000009"
"","Impares","5","0.529999999999973"
"","MaxPrimo","5","1.00199999999995"
"","MedioIntercalado","5","0.575000000000045"
"","MedioAscendente","5","0.67899999999986"
"","MedioDescendete","5","0.7349999999999"
"","MedioIntercalado2","5","0.551000000000158"
"","Ordenado","5","0.310000000000173"
"","Reverso","5","0.300000000000182"
"","Aleatorio","5","0.309999999999945"
"","Pares","5","0.111000000000104"
"","Impares","5","0.527000000000044"
"","MaxPrimo","5","1.00699999999983"
"","MedioIntercalado","5","0.576999999999998"
"","MedioAscendente","5","0.699000000000069"
"","MedioDescendete","5","0.72199999999998"
"","MedioIntercalado2","5","0.545999999999822"
"","Ordenado","5","0.311000000000149"
"","Reverso","5","0.308999999999969"
"","Aleatorio","5","0.342000000000098"
"","Pares","5","0.115000000000009"
"","Impares","5","0.509000000000015"
"","MaxPrimo","5","1.029"
"","MedioIntercalado","5","0.557000000000016"
"","MedioAscendente","5","0.702999999999975"
"","MedioDescendete","5","0.728000000000065"
"","MedioIntercalado2","5","0.560999999999922"
"","Ordenado","5","0.309999999999945"
"","Reverso","5","0.317000000000007"
"","Aleatorio","5","0.314000000000078"
"","Pares","5","0.115999999999985"
"","Impares","5","0.521000000000186"
"","MaxPrimo","5","1.03300000000013"
"","MedioIntercalado","5","0.558999999999969"
"","MedioAscendente","5","0.70900000000006"
"","MedioDescendete","5","0.719000000000051"
"","MedioIntercalado2","5","0.54099999999994"
"","Ordenado","5","0.312000000000126"
"","Reverso","5","0.324000000000069"
"","Aleatorio","5","0.317000000000007"
"","Pares","5","0.110999999999876"
"","Impares","5","0.525000000000091"
"","MaxPrimo","5","1.02200000000016"
"","MedioIntercalado","5","0.569999999999936"
"","MedioAscendente","5","0.690000000000055"
"","MedioDescendete","5","0.697999999999865"
"","MedioIntercalado2","5","0.546000000000049"
"","Ordenado","5","0.317000000000007"
"","Reverso","5","0.323000000000093"
"","Aleatorio","5","0.311999999999898"
"","Pares","5","0.114000000000033"
"","Impares","5","0.513000000000147"
"","MaxPrimo","5","1.048"
"","MedioIntercalado","5","0.565000000000055"
"","MedioAscendente","5","0.664999999999964"
"","MedioDescendete","5","0.726999999999862"
"","MedioIntercalado2","5","0.566000000000031"
"","Ordenado","5","0.316000000000031"
"","Reverso","5","0.310999999999922"
"","Aleatorio","5","0.314999999999827"
"","Pares","5","0.0699999999999363"
"","Impares","5","0.527000000000044"
"","MaxPrimo","5","1.03899999999999"
"","MedioIntercalado","5","0.560999999999922"
"","MedioAscendente","5","0.677000000000135"
"","MedioDescendete","5","0.730000000000018"
"","MedioIntercalado2","5","0.566000000000031"
"","Ordenado","6","0.323000000000093"
"","Reverso","6","0.317999999999984"
"","Aleatorio","6","0.344000000000051"
"","Pares","6","0.0759999999997945"
"","Impares","6","0.538999999999987"
"","MaxPrimo","6","0.90300000000002"
"","MedioIntercalado","6","0.519999999999982"
"","MedioAscendente","6","0.59900000000016"
"","MedioDescendete","6","0.634000000000015"
"","MedioIntercalado2","6","0.502999999999929"
"","Ordenado","6","0.291999999999916"
"","Reverso","6","0.292999999999893"
"","Aleatorio","6","0.287000000000035"
"","Pares","6","0.0769999999999982"
"","Impares","6","0.461000000000013"
"","MaxPrimo","6","0.978999999999814"
"","MedioIntercalado","6","0.49799999999982"
"","MedioAscendente","6","0.599999999999909"
"","MedioDescendete","6","0.606999999999971"
"","MedioIntercalado2","6","0.504000000000133"
"","Ordenado","6","0.288999999999987"
"","Reverso","6","0.288000000000011"
"","Aleatorio","6","0.291999999999916"
"","Pares","6","0.0699999999999363"
"","Impares","6","0.464000000000169"
"","MaxPrimo","6","0.922000000000025"
"","MedioIntercalado","6","0.51299999999992"
"","MedioAscendente","6","0.614000000000033"
"","MedioDescendete","6","0.643000000000029"
"","MedioIntercalado2","6","0.474999999999909"
"","Ordenado","6","0.286000000000058"
"","Reverso","6","0.281000000000176"
"","Aleatorio","6","0.313000000000102"
"","Pares","6","0.0690000000001874"
"","Impares","6","0.450000000000045"
"","MaxPrimo","6","0.922000000000025"
"","MedioIntercalado","6","0.509999999999991"
"","MedioAscendente","6","0.644999999999982"
"","MedioDescendete","6","0.662000000000035"
"","MedioIntercalado2","6","0.499000000000024"
"","Ordenado","6","0.287000000000035"
"","Reverso","6","0.29300000000012"
"","Aleatorio","6","0.305000000000064"
"","Pares","6","0.108999999999924"
"","Impares","6","0.461000000000013"
"","MaxPrimo","6","0.891000000000076"
"","MedioIntercalado","6","0.565000000000055"
"","MedioAscendente","6","0.605000000000018"
"","MedioDescendete","6","0.648000000000138"
"","MedioIntercalado2","6","0.509999999999991"
"","Ordenado","6","0.280999999999949"
"","Reverso","6","0.282999999999902"
"","Aleatorio","6","0.307999999999993"
"","Pares","6","0.11200000000008"
"","Impares","6","0.5"
"","MaxPrimo","6","0.913999999999987"
"","MedioIntercalado","6","0.538000000000011"
"","MedioAscendente","6","0.594000000000051"
"","MedioDescendete","6","0.619999999999891"
"","MedioIntercalado2","6","0.519000000000005"
"","Ordenado","6","0.307000000000016"
"","Reverso","6","0.278999999999996"
"","Aleatorio","6","0.288999999999987"
"","Pares","6","0.0750000000000455"
"","Impares","6","0.451000000000022"
"","MaxPrimo","6","0.917999999999893"
"","MedioIntercalado","6","0.520999999999958"
"","MedioAscendente","6","0.583000000000084"
"","MedioDescendete","6","0.643000000000029"
"","MedioIntercalado2","6","0.505999999999858"
"","Ordenado","6","0.287000000000035"
"","Reverso","6","0.294000000000096"
"","Aleatorio","6","0.320000000000164"
"","Pares","6","0.0749999999998181"
"","Impares","6","0.47199999999998"
"","MaxPrimo","6","0.90300000000002"
"","MedioIntercalado","6","0.542999999999893"
"","MedioAscendente","6","0.598000000000184"
"","MedioDescendete","6","0.650000000000091"
"","MedioIntercalado2","6","0.495999999999867"
"","Ordenado","6","0.29300000000012"
"","Reverso","6","0.301000000000158"
"","Aleatorio","6","0.298999999999978"
"","Pares","6","0.0709999999999127"
"","Impares","6","0.486000000000104"
"","MaxPrimo","6","0.994999999999891"
"","MedioIntercalado","6","0.519000000000005"
"","MedioAscendente","6","0.587999999999965"
"","MedioDescendete","6","0.637000000000171"
"","MedioIntercalado2","6","0.491999999999962"
"","Ordenado","6","0.29099999999994"
"","Reverso","6","0.29099999999994"
"","Aleatorio","6","0.301999999999907"
"","Pares","6","0.11200000000008"
"","Impares","6","0.479000000000042"
"","MaxPrimo","6","0.980999999999995"
"","MedioIntercalado","6","0.5150000000001"
"","MedioAscendente","6","0.617999999999938"
"","MedioDescendete","6","0.642999999999802"
"","MedioIntercalado2","6","0.489000000000033"
"","Ordenado","6","0.277000000000044"
"","Reverso","6","0.289999999999964"
"","Aleatorio","6","0.286000000000058"
"","Pares","6","0.11200000000008"
"","Impares","6","0.5"
"","MaxPrimo","6","0.949000000000069"
"","MedioIntercalado","6","0.520999999999958"
"","MedioAscendente","6","0.626999999999953"
"","MedioDescendete","6","0.644000000000005"
"","MedioIntercalado2","6","0.497000000000071"
"","Ordenado","6","0.291999999999916"
"","Reverso","6","0.291999999999916"
"","Aleatorio","6","0.288999999999987"
"","Pares","6","0.0729999999998654"
"","Impares","6","0.467999999999847"
"","MaxPrimo","6","0.904999999999973"
"","MedioIntercalado","6","0.531999999999925"
"","MedioAscendente","6","0.625"
"","MedioDescendete","6","0.630999999999858"
"","MedioIntercalado2","6","0.533999999999878"
"","Ordenado","6","0.29099999999994"
"","Reverso","6","0.289999999999964"
"","Aleatorio","6","0.310999999999922"
"","Pares","6","0.115999999999985"
"","Impares","6","0.461999999999989"
"","MaxPrimo","6","0.914999999999964"
"","MedioIntercalado","6","0.561999999999898"
"","MedioAscendente","6","0.591999999999871"
"","MedioDescendete","6","0.644999999999982"
"","MedioIntercalado2","6","0.519999999999982"
"","Ordenado","6","0.296000000000049"
"","Reverso","6","0.322000000000116"
"","Aleatorio","6","0.288999999999987"
"","Pares","6","0.114000000000033"
"","Impares","6","0.4849999999999"
"","MaxPrimo","6","0.917999999999893"
"","MedioIntercalado","6","0.500999999999976"
"","MedioAscendente","6","0.61200000000008"
"","MedioDescendete","6","0.625"
"","MedioIntercalado2","6","0.536999999999807"
"","Ordenado","6","0.323000000000093"
"","Reverso","6","0.313999999999851"
"","Aleatorio","6","0.293999999999869"
"","Pares","6","0.0710000000001401"
"","Impares","6","0.470000000000027"
"","MaxPrimo","6","0.942000000000007"
"","MedioIntercalado","6","0.517000000000053"
"","MedioAscendente","6","0.607999999999947"
"","MedioDescendete","6","0.638000000000147"
"","MedioIntercalado2","6","0.500999999999976"
"","Ordenado","6","0.296000000000049"
"","Reverso","6","0.292000000000144"
"","Aleatorio","6","0.325000000000045"
"","Pares","6","0.11200000000008"
"","Impares","6","0.519999999999982"
"","MaxPrimo","6","0.902000000000044"
"","MedioIntercalado","6","0.527000000000044"
"","MedioAscendente","6","0.581000000000131"
"","MedioDescendete","6","0.59699999999998"
"","MedioIntercalado2","6","0.505999999999858"
"","Ordenado","6","0.284999999999854"
"","Reverso","6","0.296000000000049"
"","Aleatorio","6","0.311000000000149"
"","Pares","6","0.107000000000198"
"","Impares","6","0.500999999999976"
"","MaxPrimo","6","0.972999999999956"
"","MedioIntercalado","6","0.514000000000124"
"","MedioAscendente","6","0.58400000000006"
"","MedioDescendete","6","0.66599999999994"
"","MedioIntercalado2","6","0.50200000000018"
"","Ordenado","6","0.308999999999969"
"","Reverso","6","0.291000000000167"
"","Aleatorio","6","0.301000000000158"
"","Pares","6","0.0699999999999363"
"","Impares","6","0.475000000000136"
"","MaxPrimo","6","0.957000000000107"
"","MedioIntercalado","6","0.519999999999982"
"","MedioAscendente","6","0.604000000000042"
"","MedioDescendete","6","0.683999999999969"
"","MedioIntercalado2","6","0.494000000000142"
"","Ordenado","6","0.283999999999878"
"","Reverso","6","0.320000000000164"
"","Aleatorio","6","0.298999999999978"
"","Pares","6","0.106999999999971"
"","Impares","6","0.473000000000184"
"","MaxPrimo","6","0.908000000000129"
"","MedioIntercalado","6","0.539999999999964"
"","MedioAscendente","6","0.62299999999982"
"","MedioDescendete","6","0.655999999999949"
"","MedioIntercalado2","6","0.521999999999935"
"","Ordenado","6","0.316000000000031"
"","Reverso","6","0.288000000000011"
"","Aleatorio","6","0.294000000000096"
"","Pares","6","0.111999999999853"
"","Impares","6","0.477000000000089"
"","MaxPrimo","6","0.90300000000002"
"","MedioIntercalado","6","0.525000000000091"
"","MedioAscendente","6","0.626999999999953"
"","MedioDescendete","6","0.618999999999915"
"","MedioIntercalado2","6","0.491999999999962"
"","Ordenado","6","0.298999999999978"
"","Reverso","6","0.31899999999996"
"","Aleatorio","6","0.288999999999987"
"","Pares","6","0.115999999999985"
"","Impares","6","0.467000000000098"
"","MaxPrimo","6","0.911000000000058"
"","MedioIntercalado","6","0.557000000000016"
"","MedioAscendente","6","0.601999999999862"
"","MedioDescendete","6","0.631000000000085"
"","MedioIntercalado2","6","0.539999999999964"
"","Ordenado","6","0.281999999999925"
"","Reverso","6","0.298000000000002"
"","Aleatorio","6","0.291999999999916"
"","Pares","6","0.111999999999853"
"","Impares","6","0.464999999999918"
"","MaxPrimo","6","0.9849999999999"
"","MedioIntercalado","6","0.509999999999991"
"","MedioAscendente","6","0.593000000000075"
"","MedioDescendete","6","0.659000000000106"
"","MedioIntercalado2","6","0.491999999999962"
"","Ordenado","6","0.31899999999996"
"","Reverso","6","0.299999999999955"
"","Aleatorio","6","0.326000000000022"
"","Pares","6","0.0750000000000455"
"","Impares","6","0.479000000000042"
"","MaxPrimo","6","0.973999999999933"
"","MedioIntercalado","6","0.509000000000015"
"","MedioAscendente","6","0.59699999999998"
"","MedioDescendete","6","0.615000000000009"
"","MedioIntercalado2","6","0.5"
"","Ordenado","6","0.289999999999964"
"","Reverso","6","0.295000000000073"
"","Aleatorio","6","0.292999999999893"
"","Pares","6","0.1099999999999"
"","Impares","6","0.503999999999905"
"","MaxPrimo","6","0.936999999999898"
"","MedioIntercalado","6","0.494999999999891"
"","MedioAscendente","6","0.585000000000036"
"","MedioDescendete","6","0.625"
"","MedioIntercalado2","6","0.480999999999995"
"","Ordenado","6","0.291999999999916"
"","Reverso","6","0.287000000000035"
"","Aleatorio","6","0.291999999999916"
"","Pares","6","0.0709999999999127"
"","Impares","6","0.470000000000027"
"","MaxPrimo","6","0.951999999999998"
"","MedioIntercalado","6","0.508000000000038"
"","MedioAscendente","6","0.582000000000107"
"","MedioDescendete","6","0.636999999999944"
"","MedioIntercalado2","6","0.506000000000085"
"","Ordenado","6","0.297000000000025"
"","Reverso","6","0.300999999999931"
"","Aleatorio","6","0.284000000000106"
"","Pares","6","0.114000000000033"
"","Impares","6","0.483999999999924"
"","MaxPrimo","6","0.926999999999907"
"","MedioIntercalado","6","0.508000000000038"
"","MedioAscendente","6","0.589999999999918"
"","MedioDescendete","6","0.630999999999858"
"","MedioIntercalado2","6","0.505999999999858"
"","Ordenado","6","0.287000000000035"
"","Reverso","6","0.293999999999869"
"","Aleatorio","6","0.29099999999994"
"","Pares","6","0.0720000000001164"
"","Impares","6","0.499000000000024"
"","MaxPrimo","6","0.913000000000011"
"","MedioIntercalado","6","0.511999999999944"
"","MedioAscendente","6","0.673000000000002"
"","MedioDescendete","6","0.623000000000047"
"","MedioIntercalado2","6","0.475999999999885"
"","Ordenado","6","0.288000000000011"
"","Reverso","6","0.315000000000055"
"","Aleatorio","6","0.288000000000011"
"","Pares","6","0.0729999999998654"
"","Impares","6","0.477000000000089"
"","MaxPrimo","6","0.889000000000124"
"","MedioIntercalado","6","0.541999999999916"
"","MedioAscendente","6","0.617999999999938"
"","MedioDescendete","6","0.638999999999896"
"","MedioIntercalado2","6","0.519999999999982"
"","Ordenado","6","0.288999999999987"
"","Reverso","6","0.289999999999964"
"","Aleatorio","6","0.312000000000126"
"","Pares","6","0.113000000000056"
"","Impares","6","0.471000000000004"
"","MaxPrimo","6","0.913999999999987"
"","MedioIntercalado","6","0.535000000000082"
"","MedioAscendente","6","0.600000000000136"
"","MedioDescendete","6","0.617000000000189"
"","MedioIntercalado2","6","0.509999999999991"
"","Ordenado","6","0.286999999999807"
"","Reverso","6","0.310999999999922"
"","Aleatorio","6","0.286000000000058"
"","Pares","6","0.113000000000056"
"","Impares","6","0.473999999999933"
"","MaxPrimo","6","0.921000000000049"
"","MedioIntercalado","6","0.527000000000044"
"","MedioAscendente","6","0.631000000000085"
"","MedioDescendete","6","0.652000000000044"
"","MedioIntercalado2","6","0.492999999999938"
"","Ordenado","7","0.315000000000055"
"","Reverso","7","0.310999999999922"
"","Aleatorio","7","0.312999999999874"
"","Pares","7","0.112999999999829"
"","Impares","7","0.614000000000033"
"","MaxPrimo","7","0.990000000000009"
"","MedioIntercalado","7","0.538999999999987"
"","MedioAscendente","7","0.632000000000062"
"","MedioDescendete","7","0.673000000000002"
"","MedioIntercalado2","7","0.548999999999978"
"","Ordenado","7","0.286000000000058"
"","Reverso","7","0.274000000000115"
"","Aleatorio","7","0.289999999999964"
"","Pares","7","0.115000000000009"
"","Impares","7","0.451000000000022"
"","MaxPrimo","7","0.966000000000122"
"","MedioIntercalado","7","0.548000000000002"
"","MedioAscendente","7","0.670999999999822"
"","MedioDescendete","7","0.622000000000071"
"","MedioIntercalado2","7","0.535000000000082"
"","Ordenado","7","0.29099999999994"
"","Reverso","7","0.292999999999893"
"","Aleatorio","7","0.283999999999878"
"","Pares","7","0.0740000000000691"
"","Impares","7","0.468999999999824"
"","MaxPrimo","7","0.955000000000155"
"","MedioIntercalado","7","0.538999999999987"
"","MedioAscendente","7","0.605999999999995"
"","MedioDescendete","7","0.616999999999962"
"","MedioIntercalado2","7","0.616999999999962"
"","Ordenado","7","0.276000000000067"
"","Reverso","7","0.283000000000129"
"","Aleatorio","7","0.285000000000082"
"","Pares","7","0.119999999999891"
"","Impares","7","0.47199999999998"
"","MaxPrimo","7","0.976999999999862"
"","MedioIntercalado","7","0.549999999999955"
"","MedioAscendente","7","0.68100000000004"
"","MedioDescendete","7","0.619999999999891"
"","MedioIntercalado2","7","0.539999999999964"
"","Ordenado","7","0.286000000000058"
"","Reverso","7","0.304999999999836"
"","Aleatorio","7","0.319999999999936"
"","Pares","7","0.0750000000000455"
"","Impares","7","0.485000000000127"
"","MaxPrimo","7","0.982999999999947"
"","MedioIntercalado","7","0.538000000000011"
"","MedioAscendente","7","0.577999999999975"
"","MedioDescendete","7","0.57100000000014"
"","MedioIntercalado2","7","0.545000000000073"
"","Ordenado","7","0.284999999999854"
"","Reverso","7","0.281999999999925"
"","Aleatorio","7","0.289999999999964"
"","Pares","7","0.116999999999962"
"","Impares","7","0.460999999999785"
"","MaxPrimo","7","0.945000000000164"
"","MedioIntercalado","7","0.535000000000082"
"","MedioAscendente","7","0.594000000000051"
"","MedioDescendete","7","0.616999999999962"
"","MedioIntercalado2","7","0.535000000000082"
"","Ordenado","7","0.277000000000044"
"","Reverso","7","0.288000000000011"
"","Aleatorio","7","0.288999999999987"
"","Pares","7","0.0740000000000691"
"","Impares","7","0.473999999999933"
"","MaxPrimo","7","0.925999999999931"
"","MedioIntercalado","7","0.554000000000087"
"","MedioAscendente","7","0.6099999999999"
"","MedioDescendete","7","0.58400000000006"
"","MedioIntercalado2","7","0.57100000000014"
"","Ordenado","7","0.311000000000149"
"","Reverso","7","0.306999999999789"
"","Aleatorio","7","0.276000000000067"
"","Pares","7","0.113000000000056"
"","Impares","7","0.470000000000027"
"","MaxPrimo","7","0.955999999999904"
"","MedioIntercalado","7","0.543999999999869"
"","MedioAscendente","7","0.608999999999924"
"","MedioDescendete","7","0.606999999999971"
"","MedioIntercalado2","7","0.528999999999996"
"","Ordenado","7","0.281999999999925"
"","Reverso","7","0.285000000000082"
"","Aleatorio","7","0.292999999999893"
"","Pares","7","0.114000000000033"
"","Impares","7","0.471000000000004"
"","MaxPrimo","7","0.996000000000095"
"","MedioIntercalado","7","0.529999999999973"
"","MedioAscendente","7","0.57100000000014"
"","MedioDescendete","7","0.583000000000084"
"","MedioIntercalado2","7","0.521999999999935"
"","Ordenado","7","0.288999999999987"
"","Reverso","7","0.286000000000058"
"","Aleatorio","7","0.281999999999925"
"","Pares","7","0.115000000000009"
"","Impares","7","0.4699999999998"
"","MaxPrimo","7","0.951999999999998"
"","MedioIntercalado","7","0.535999999999831"
"","MedioAscendente","7","0.605999999999995"
"","MedioDescendete","7","0.610999999999876"
"","MedioIntercalado2","7","0.530999999999949"
"","Ordenado","7","0.282999999999902"
"","Reverso","7","0.292999999999893"
"","Aleatorio","7","0.286999999999807"
"","Pares","7","0.115999999999985"
"","Impares","7","0.470000000000027"
"","MaxPrimo","7","0.953999999999951"
"","MedioIntercalado","7","0.547000000000025"
"","MedioAscendente","7","0.56899999999996"
"","MedioDescendete","7","0.565000000000055"
"","MedioIntercalado2","7","0.544000000000096"
"","Ordenado","7","0.313000000000102"
"","Reverso","7","0.298999999999978"
"","Aleatorio","7","0.287000000000035"
"","Pares","7","0.112999999999829"
"","Impares","7","0.467000000000098"
"","MaxPrimo","7","0.955999999999904"
"","MedioIntercalado","7","0.528999999999996"
"","MedioAscendente","7","0.590999999999894"
"","MedioDescendete","7","0.580999999999904"
"","MedioIntercalado2","7","0.544999999999845"
"","Ordenado","7","0.285000000000082"
"","Reverso","7","0.285999999999831"
"","Aleatorio","7","0.288000000000011"
"","Pares","7","0.115000000000009"
"","Impares","7","0.475999999999885"
"","MaxPrimo","7","0.995000000000118"
"","MedioIntercalado","7","0.527999999999793"
"","MedioAscendente","7","0.57100000000014"
"","MedioDescendete","7","0.591000000000122"
"","MedioIntercalado2","7","0.536000000000058"
"","Ordenado","7","0.291999999999916"
"","Reverso","7","0.289999999999964"
"","Aleatorio","7","0.298000000000002"
"","Pares","7","0.113999999999805"
"","Impares","7","0.483999999999924"
"","MaxPrimo","7","0.98700000000008"
"","MedioIntercalado","7","0.567000000000007"
"","MedioAscendente","7","0.610999999999876"
"","MedioDescendete","7","0.58199999999988"
"","MedioIntercalado2","7","0.501999999999953"
"","Ordenado","7","0.288999999999987"
"","Reverso","7","0.278999999999996"
"","Aleatorio","7","0.285000000000082"
"","Pares","7","0.071999999999889"
"","Impares","7","0.476999999999862"
"","MaxPrimo","7","0.950000000000045"
"","MedioIntercalado","7","0.541000000000167"
"","MedioAscendente","7","0.575000000000045"
"","MedioDescendete","7","0.604000000000042"
"","MedioIntercalado2","7","0.541999999999916"
"","Ordenado","7","0.307999999999993"
"","Reverso","7","0.298000000000002"
"","Aleatorio","7","0.323000000000093"
"","Pares","7","0.115000000000009"
"","Impares","7","0.454999999999927"
"","MaxPrimo","7","0.969000000000051"
"","MedioIntercalado","7","0.54099999999994"
"","MedioAscendente","7","0.566000000000031"
"","MedioDescendete","7","0.571999999999889"
"","MedioIntercalado2","7","0.543999999999869"
"","Ordenado","7","0.279999999999973"
"","Reverso","7","0.286000000000058"
"","Aleatorio","7","0.291000000000167"
"","Pares","7","0.116999999999962"
"","Impares","7","0.481999999999971"
"","MaxPrimo","7","0.980000000000018"
"","MedioIntercalado","7","0.520999999999958"
"","MedioAscendente","7","0.601000000000113"
"","MedioDescendete","7","0.579999999999927"
"","MedioIntercalado2","7","0.518000000000029"
"","Ordenado","7","0.285000000000082"
"","Reverso","7","0.288000000000011"
"","Aleatorio","7","0.291000000000167"
"","Pares","7","0.115999999999985"
"","Impares","7","0.473999999999933"
"","MaxPrimo","7","0.951999999999998"
"","MedioIntercalado","7","0.598000000000184"
"","MedioAscendente","7","0.601999999999862"
"","MedioDescendete","7","0.582000000000107"
"","MedioIntercalado2","7","0.538999999999987"
"","Ordenado","7","0.287000000000035"
"","Reverso","7","0.31899999999996"
"","Aleatorio","7","0.288000000000011"
"","Pares","7","0.0710000000001401"
"","Impares","7","0.469000000000051"
"","MaxPrimo","7","0.947000000000116"
"","MedioIntercalado","7","0.540000000000191"
"","MedioAscendente","7","0.586999999999989"
"","MedioDescendete","7","0.576000000000022"
"","MedioIntercalado2","7","0.544000000000096"
"","Ordenado","7","0.29099999999994"
"","Reverso","7","0.2800000000002"
"","Aleatorio","7","0.284000000000106"
"","Pares","7","0.115000000000009"
"","Impares","7","0.475999999999885"
"","MaxPrimo","7","0.94399999999996"
"","MedioIntercalado","7","0.530999999999949"
"","MedioAscendente","7","0.583000000000084"
"","MedioDescendete","7","0.577999999999975"
"","MedioIntercalado2","7","0.534999999999854"
"","Ordenado","7","0.27800000000002"
"","Reverso","7","0.280999999999949"
"","Aleatorio","7","0.285000000000082"
"","Pares","7","0.116999999999962"
"","Impares","7","0.468000000000075"
"","MaxPrimo","7","0.968000000000075"
"","MedioIntercalado","7","0.538000000000011"
"","MedioAscendente","7","0.578999999999951"
"","MedioDescendete","7","0.591999999999871"
"","MedioIntercalado2","7","0.506999999999834"
"","Ordenado","7","0.289999999999964"
"","Reverso","7","0.288999999999987"
"","Aleatorio","7","0.285999999999831"
"","Pares","7","0.0730000000000928"
"","Impares","7","0.480000000000018"
"","MaxPrimo","7","0.921000000000049"
"","MedioIntercalado","7","0.549999999999955"
"","MedioAscendente","7","0.594000000000051"
"","MedioDescendete","7","0.590000000000146"
"","MedioIntercalado2","7","0.567000000000007"
"","Ordenado","7","0.277000000000044"
"","Reverso","7","0.289999999999964"
"","Aleatorio","7","0.288000000000011"
"","Pares","7","0.114000000000033"
"","Impares","7","0.486999999999853"
"","MaxPrimo","7","0.919000000000096"
"","MedioIntercalado","7","0.538999999999987"
"","MedioAscendente","7","0.586000000000013"
"","MedioDescendete","7","0.575000000000045"
"","MedioIntercalado2","7","0.537000000000035"
"","Ordenado","7","0.284999999999854"
"","Reverso","7","0.288999999999987"
"","Aleatorio","7","0.288000000000011"
"","Pares","7","0.115999999999985"
"","Impares","7","0.497000000000071"
"","MaxPrimo","7","0.951000000000022"
"","MedioIntercalado","7","0.542999999999893"
"","MedioAscendente","7","0.575000000000045"
"","MedioDescendete","7","0.598999999999933"
"","MedioIntercalado2","7","0.537000000000035"
"","Ordenado","7","0.285999999999831"
"","Reverso","7","0.29099999999994"
"","Aleatorio","7","0.291999999999916"
"","Pares","7","0.115000000000009"
"","Impares","7","0.47199999999998"
"","MaxPrimo","7","0.947999999999865"
"","MedioIntercalado","7","0.531999999999925"
"","MedioAscendente","7","0.593000000000075"
"","MedioDescendete","7","0.582000000000107"
"","MedioIntercalado2","7","0.524999999999864"
"","Ordenado","7","0.286000000000058"
"","Reverso","7","0.288000000000011"
"","Aleatorio","7","0.287000000000035"
"","Pares","7","0.116999999999962"
"","Impares","7","0.471000000000004"
"","MaxPrimo","7","0.921000000000049"
"","MedioIntercalado","7","0.537000000000035"
"","MedioAscendente","7","0.602000000000089"
"","MedioDescendete","7","0.586000000000013"
"","MedioIntercalado2","7","0.573999999999842"
"","Ordenado","7","0.287000000000035"
"","Reverso","7","0.282999999999902"
"","Aleatorio","7","0.296000000000049"
"","Pares","7","0.115999999999985"
"","Impares","7","0.468000000000075"
"","MaxPrimo","7","0.942999999999984"
"","MedioIntercalado","7","0.538000000000011"
"","MedioAscendente","7","0.589000000000169"
"","MedioDescendete","7","0.631999999999834"
"","MedioIntercalado2","7","0.536000000000058"
"","Ordenado","7","0.288000000000011"
"","Reverso","7","0.301000000000158"
"","Aleatorio","7","0.288000000000011"
"","Pares","7","0.114000000000033"
"","Impares","7","0.48700000000008"
"","MaxPrimo","7","0.974999999999909"
"","MedioIntercalado","7","0.533999999999878"
"","MedioAscendente","7","0.606999999999971"
"","MedioDescendete","7","0.600999999999885"
"","MedioIntercalado2","7","0.546000000000049"
"","Ordenado","7","0.289999999999964"
"","Reverso","7","0.277000000000044"
"","Aleatorio","7","0.283999999999878"
"","Pares","7","0.0740000000000691"
"","Impares","7","0.472999999999956"
"","MaxPrimo","7","0.942999999999984"
"","MedioIntercalado","7","0.534999999999854"
"","MedioAscendente","7","0.596000000000004"
"","MedioDescendete","7","0.611000000000104"
"","MedioIntercalado2","7","0.521999999999935"
"","Ordenado","7","0.281999999999925"
"","Reverso","7","0.305000000000064"
"","Aleatorio","7","0.288999999999987"
"","Pares","7","0.114000000000033"
"","Impares","7","0.464000000000169"
"","MaxPrimo","7","0.928000000000111"
"","MedioIntercalado","7","0.557000000000016"
"","MedioAscendente","7","0.591000000000122"
"","MedioDescendete","7","0.565999999999804"
"","MedioIntercalado2","7","0.541999999999916"
